#! FIELDS time cv_water_cyl cv_zdist sigma_cv_water_cyl sigma_cv_zdist height biasf
#! SET multivariate false
#! SET kerneltype stretched-gaussian
                    100     0.2857801266233911      3.895452620303111                      2                    0.2     0.3333333333333333                     10
#! FIELDS time cv_water_cyl cv_zdist sigma_cv_water_cyl sigma_cv_zdist height biasf
#! SET multivariate false
#! SET kerneltype stretched-gaussian
                    200      2.680503450138705      4.036845278625078                      2                    0.2     0.3316386785638407                     10
                    300   0.001495636534129003      4.101064180073852                      2                    0.2     0.3290271542853875                     10
                    400      4.194231572923301      3.928209736753342                      2                    0.2     0.3294912600058236                     10
                    500      3.278061605713801      3.949748533902342                      2                    0.2     0.3233761262271488                     10
                    600    0.07902851627917924       4.10461957557113                      2                    0.2     0.3234408834029457                     10
#! FIELDS time cv_water_cyl cv_zdist sigma_cv_water_cyl sigma_cv_zdist height biasf
#! SET multivariate false
#! SET kerneltype stretched-gaussian
                    700    0.02845882390067333      4.326915764102239                      2                    0.2     0.3273973102857111                     10
#! FIELDS time cv_water_cyl cv_zdist sigma_cv_water_cyl sigma_cv_zdist height biasf
#! SET multivariate false
#! SET kerneltype stretched-gaussian
                    800  0.0009906182257298191      4.519750577979648                      2                    0.2     0.3294806950269811                     10
                    900     0.4080334675260242      4.504048159652266                      2                    0.2     0.3248554324495395                     10
                   1000     0.6004375637109454      4.461152439294111                      2                    0.2     0.3198423296308553                     10
                   1100   0.009128585669885279      4.763545678933466                      2                    0.2      0.327707671652116                     10
                   1200     0.2297371340887436      4.538803213649258                      2                    0.2     0.3155181111578087                     10
                   1300     0.1635627608588424      4.447493412194518                      2                    0.2     0.3105634641881939                     10
                   1400      3.382845994248975      4.360759408067816                      2                    0.2     0.3240796025627725                     10
                   1500     0.4527991702693341      4.219054864283018                      2                    0.2     0.3099551476236478                     10
                   1600  0.0007846329405140385      4.007045610410277                      2                    0.2     0.3141107225720463                     10
                   1700   0.007125751272787225      4.001512758246095                      2                    0.2      0.310371896088868                     10
                   1800    0.09208089881169691      4.274056378973738                      2                    0.2     0.3022747454054249                     10
                   1900    0.02415502536142788      4.428201703795564                      2                    0.2     0.3003048734589513                     10
                   2000      1.383954496645311      4.401998616315653                      2                    0.2     0.2996651153633703                     10
                   2100     0.9682758178480301      4.774568566763909                      2                    0.2     0.3197724966232651                     10
                   2200   0.002833169549530014      4.718272332994983                      2                    0.2     0.3110323575115713                     10
                   2300     0.3757077142516377       4.59546877255265                      2                    0.2      0.297762535166387                     10
                   2400      1.771154788541969      4.422711233607082                      2                    0.2     0.2960830326341373                     10
                   2500     0.7326898699041073      4.252217126881691                      2                    0.2      0.290462036474298                     10
                   2600     0.0400893705640005      4.343693136603868                      2                    0.2     0.2853548741678211                     10
                   2700      1.878586801872937      4.263574539687973                      2                    0.2      0.291221027058675                     10
                   2800    0.04886783123294554      4.238191097692109                      2                    0.2      0.283714309165542                     10
                   2900      1.209396475615413       4.22654422756494                      2                    0.2     0.2815019761671917                     10
                   3000     0.4568955239670298      4.155097659561434                      2                    0.2     0.2815740708353545                     10
                   3100    0.01385182735540945      4.232973172920721                      2                    0.2     0.2754538860472877                     10
                   3200    0.03030503087443017      4.218861672507288                      2                    0.2     0.2729795832072801                     10
                   3300    0.01481963458315971      4.535597210998816                      2                    0.2      0.281268250312585                     10
                   3400      1.802119241634558      4.854677754349071                      2                    0.2     0.3184790088708008                     10
                   3500    0.04540218037518281       5.03385902433037                      2                    0.2     0.3256981136880747                     10
                   3600    0.07370677089116692      4.885339186880234                      2                    0.2     0.3115111251484155                     10
                   3700     0.6256459616822238      5.136459318090463                      2                    0.2     0.3244023283369525                     10
                   3800    0.06623834886566994      5.115996017632613                      2                    0.2      0.319320588580658                     10
                   3900    0.06947812304848197      5.371840614389564                      2                    0.2     0.3279570712790038                     10
                   4000      0.384603849302786      5.321868195630927                      2                    0.2     0.3216997316770093                     10
                   4100    0.08161604662578065      5.562300081835955                      2                    0.2     0.3276017007316142                     10
                   4200     0.3123344284207484      5.315614896058957                      2                    0.2     0.3153496117716456                     10
                   4300       0.16815371963442      5.569776756498563                      2                    0.2     0.3217376480175319                     10
                   4400      1.061458007537092      5.573067559966393                      2                    0.2     0.3191573557966204                     10
                   4500    0.07157477726451035       5.03354797662621                      2                    0.2     0.3070406176477695                     10
                   4600   0.002024597437687751      5.065119610309523                      2                    0.2     0.3038210855225173                     10
                   4700     0.5097946137288644      5.076819968417862                      2                    0.2     0.3001777747654919                     10
                   4800      1.396154763914414      4.879594301020681                      2                    0.2     0.2990907563337269                     10
                   4900   0.007991424093075844      4.704921037665066                      2                    0.2     0.2874873270651401                     10
                   5000     0.4906653714211581      4.678320988557942                      2                    0.2     0.2817389368874311                     10
                   5100     0.4715472775868916      4.435327650900179                      2                    0.2     0.2648064131893542                     10
                   5200     0.4677743017221677       4.66863394708105                      2                    0.2     0.2764717091845708                     10
                   5300    0.01977837272506162      4.321164522391745                      2                    0.2     0.2619949123295374                     10
                   5400     0.9322983705491544      4.484676991754112                      2                    0.2     0.2619363409406107                     10
                   5500      1.685181954181981       4.37646885091293                      2                    0.2     0.2646119345858205                     10
                   5600  6.314183891493776e-05      4.467874368852916                      2                    0.2     0.2569001478139871                     10
                   5700     0.1703907416712762      4.683456819560829                      2                    0.2     0.2704164544981517                     10
                   5800     0.2887779285872324      4.773260124082885                      2                    0.2     0.2750720976984278                     10
                   5900     0.1994775169530829       4.75423359977764                      2                    0.2     0.2706796621803165                     10
                   6000  0.0005690270696525553      4.927752924548177                      2                    0.2     0.2820323609672274                     10
                   6100     0.3116798156288975      4.938875613830733                      2                    0.2      0.278806709428094                     10
                   6200    0.01485438479615607      4.653516570029518                      2                    0.2     0.2583990853299098                     10
                   6300  0.0003085922714877082      4.686449859151164                      2                    0.2      0.257778945501386                     10
                   6400    0.01717869730723321      4.619619469916495                      2                    0.2     0.2513542419727668                     10
                   6500    0.02341571875106196       4.95296511574152                      2                    0.2     0.2745656774526056                     10
                   6600      1.100824606151663      4.945343282982197                      2                    0.2     0.2740870572583313                     10
                   6700     0.8173420827770139      5.081927054078493                      2                    0.2     0.2816014449207085                     10
                   6800   0.001311231738162731      5.234793693922049                      2                    0.2     0.2925791115785399                     10
                   6900    0.02877027875574595      5.431409935121096                      2                    0.2     0.3039579439670211                     10
                   7000     0.4306012502907184      5.375379702629749                      2                    0.2     0.2965364968600734                     10
                   7100     0.1439336357324594      5.347779383253023                      2                    0.2     0.2912623087026305                     10
                   7200   0.005983917442553604       5.53386397600187                      2                    0.2     0.3021162850011607                     10
                   7300    0.02918422815859116      5.561748033576656                      2                    0.2     0.3009425398066309                     10
                   7400    0.04428711167675925      5.634190147717794                      2                    0.2     0.3045003946999781                     10
                   7500    0.05994985258429718      5.836033163759454                      2                    0.2     0.3215331993200271                     10
                   7600     0.7839869163029681      5.628431263499881                      2                    0.2     0.2991534403884149                     10
                   7700    0.03164714153790627      5.821150332565686                      2                    0.2     0.3139341869719519                     10
                   7800  3.600666599597737e-05      5.738527473211359                      2                    0.2     0.3020874486367423                     10
                   7900    0.03069541270614171      5.804834004234479                      2                    0.2     0.3049040016450455                     10
                   8000   0.002833408326345668      5.896678468563019                      2                    0.2     0.3104960443482143                     10
                   8100     0.2937109871371657      5.587324331398444                      2                    0.2     0.2835207459057675                     10
                   8200    0.01343006548353014      5.622481612496921                      2                    0.2     0.2819881991814815                     10
                   8300   0.001385729008275092      5.635011414775169                      2                    0.2     0.2794477152549248                     10
                   8400    0.01174239218733556      5.787731703060585                      2                    0.2     0.2894713625448618                     10
                   8500     0.9372642546315976      5.964015088717094                      2                    0.2      0.310508747310451                     10
                   8600    0.02035561966096902      6.056325493441625                      2                    0.2     0.3156142036431642                     10
                   8700   0.001460122323243125      5.883457378307895                      2                    0.2     0.2923810210311399                     10
                   8800   0.001477007842414995      5.887404031859429                      2                    0.2     0.2893894065009088                     10
                   8900     0.9791338771197245      6.043878063334294                      2                    0.2     0.3071855011053173                     10
                   9000     0.9667362856037331      5.953709591874315                      2                    0.2     0.2933724139522398                     10
                   9100   0.004701672879711746       5.96094926755509                      2                    0.2     0.2886780736738551                     10
                   9200    0.03563423496384057      5.883614762818421                      2                    0.2     0.2774580710469599                     10
                   9300    0.01689208132448733      5.814938681743751                      2                    0.2     0.2696820164882304                     10
                   9400    0.02045365260091533      6.000516124204234                      2                    0.2     0.2853060492927126                     10
                   9500    0.01360891767605572      5.933146863045634                      2                    0.2     0.2736905515628281                     10
                   9600     0.2619610228236733      5.855074820068088                      2                    0.2     0.2640671648579874                     10
                   9700      0.571251702168276      5.838023384403424                      2                    0.2     0.2615217159248216                     10
                   9800    0.02616868904280622      5.647077218038088                      2                    0.2     0.2593201481658102                     10
                   9900     0.2536693697997598      5.872501363295024                      2                    0.2     0.2582580644433688                     10
                  10000      0.840543040212832      6.043918660057813                      2                    0.2     0.2814462630507662                     10
                  10100     0.1602185464892829      5.999224184018539                      2                    0.2     0.2686478424147263                     10
                  10200    0.04627537223635424      6.050812861460331                      2                    0.2     0.2750312073781705                     10
                  10300      1.379735475232162      5.768899568275259                      2                    0.2     0.2599040076298824                     10
                  10400    0.02866402082389357      6.049747365510111                      2                    0.2     0.2710120624014084                     10
                  10500     0.4761039077068249      6.024432908252463                      2                    0.2      0.263424461265507                     10
                  10600     0.0573979452455782      6.040285521410032                      2                    0.2     0.2634809020129745                     10
                  10700     0.1246602319457288      5.952621743634914                      2                    0.2     0.2477955899040539                     10
                  10800    0.00902069231128576      6.029809542064283                      2                    0.2     0.2566342713012203                     10
                  10900  0.0005123250208036825       6.01791185505304                      2                    0.2     0.2520179877064028                     10
                  11000     0.7497406092943134      5.975186512531977                      2                    0.2     0.2454092175729016                     10
                  11100      1.211373730553119      5.690944253824345                      2                    0.2     0.2527110847140293                     10
                  11200     0.2677705196031452      5.518077942848164                      2                    0.2     0.2596655592893416                     10
                  11300      0.466214002976238      5.334823929954355                      2                    0.2     0.2720690873110403                     10
                  11400   0.000395741741435291      5.417475049380924                      2                    0.2     0.2641036016566713                     10
                  11500     0.1466459617321951      5.582985774614274                      2                    0.2     0.2473952503874508                     10
                  11600  0.0003485542092945504      5.368481880647115                      2                    0.2     0.2632377672355219                     10
                  11700     0.2294002600306318        5.6259751681045                      2                    0.2     0.2402692536299616                     10
                  11800     0.5698718841468495      5.034767052182378                      2                    0.2     0.2663096957656413                     10
                  11900     0.2325511525578304      5.455284367004996                      2                    0.2     0.2513934185174913                     10
                  12000   7.94903274590854e-05      5.348518925569694                      2                    0.2     0.2578354971485509                     10
                  12100     0.4637734656822697      5.578115871244131                      2                    0.2     0.2386319127795419                     10
                  12200      1.011472023542617      5.429754642204077                      2                    0.2     0.2521333028450327                     10
                  12300     0.1574549546243898      5.332261196480884                      2                    0.2     0.2526669734756266                     10
                  12400     0.5789727172556893      5.399597867541791                      2                    0.2     0.2455628705605932                     10
                  12500    0.04365533743171263      5.216992786486951                      2                    0.2     0.2566696447560158                     10
                  12600      0.091910101522061      5.108167006510223                      2                    0.2     0.2583196883529489                     10
                  12700     0.1191502809646143      5.240335032560072                      2                    0.2     0.2502328989092303                     10
                  12800  0.0002367322302620468      5.093424907958022                      2                    0.2     0.2543899136570876                     10
                  12900   0.005483187398364024      4.879396214246785                      2                    0.2       0.25338897332986                     10
                  13000     0.1521598960702498      4.875881125211642                      2                    0.2     0.2500943379674858                     10
                  13100      1.814973436189462      4.959062897797081                      2                    0.2     0.2655216764182202                     10
                  13200      0.120849215647112      4.883329465936738                      2                    0.2     0.2460688591295603                     10
                  13300     0.5509664731508689      4.942349446888249                      2                    0.2     0.2439284021820669                     10
                  13400     0.8931515018484086      5.062891809631354                      2                    0.2     0.2457538319625767                     10
                  13500      1.684696294031384       5.40367071669195                      2                    0.2     0.2545508371841975                     10
                  13600    0.03819996955921351      5.489708804360109                      2                    0.2     0.2317574392361238                     10
                  13700  0.0003728136705952572      5.635881953901812                      2                    0.2     0.2269982650001617                     10
                  13800     0.2068217840602591       5.76886469284705                      2                    0.2      0.223923415495307                     10
                  13900     0.1519219105156351       5.78472477464317                      2                    0.2      0.222209111636143                     10
                  14000      1.317614726044859       5.97155442311146                      2                    0.2     0.2452056868865836                     10
                  14100   0.005407008169731401      6.034173932729043                      2                    0.2     0.2445064843807259                     10
                  14200   0.006349224155360463      5.991752441468083                      2                    0.2     0.2341756129401178                     10
                  14300     0.3528298101271837      6.034405368045423                      2                    0.2     0.2393129180691857                     10
                  14400    0.01657272036338528      5.964384921736102                      2                    0.2      0.225774716519805                     10
                  14500     0.1731709328129871       5.89808599374031                      2                    0.2     0.2167625584689832                     10
                  14600     0.1365280588089923      5.948027228417198                      2                    0.2     0.2193845213165068                     10
                  14700   1.69669112094402e-05      5.869226036946003                      2                    0.2     0.2123946834215792                     10
                  14800    0.09940142506463794      6.012809959120256                      2                    0.2     0.2258757715981544                     10
                  14900    0.01459710180800185      5.829376092840089                      2                    0.2     0.2086569035904829                     10
                  15000    0.09858289195032983      5.602490465437809                      2                    0.2     0.2176797858837924                     10
                  15100    0.09037076331757753      5.554467481039104                      2                    0.2     0.2188071492019295                     10
                  15200    0.01830650449802194      6.046977633705778                      2                    0.2     0.2300677034459149                     10
                  15300     0.1924012648524215      5.978773375193434                      2                    0.2     0.2140207796869546                     10
                  15400       1.63669758765283      5.997523813212338                      2                    0.2     0.2359019358764831                     10
                  15500   0.001908697567674444      5.844709093446985                      2                    0.2     0.2019096150817407                     10
                  15600      1.797795640026081      5.736056933155863                      2                    0.2     0.2301390532428133                     10
                  15700     0.2443800742520295      5.322865440898436                      2                    0.2     0.2325210941875357                     10
                  15800     0.4458795402431093      5.183862980277516                      2                    0.2     0.2374652997998554                     10
                  15900    0.09740115704149974      5.375934022294254                      2                    0.2     0.2255741973089811                     10
                  16000     0.1083439374479004      5.720140865431986                      2                    0.2     0.2023379873217681                     10
                  16100     0.1664078063864838      5.431882984020103                      2                    0.2     0.2189687123199404                     10
                  16200     0.1408755434148254      5.265382047299942                      2                    0.2     0.2287246802888006                     10
                  16300   0.002153244502835123      5.095263010599096                      2                    0.2     0.2350905907910687                     10
                  16400   0.002216016999335593      5.409674168436542                      2                    0.2     0.2171541199229782                     10
                  16500    0.02599395529969058      5.673474657200096                      2                    0.2     0.2019567084316229                     10
                  16600    0.04081228155985658      5.684750516246774                      2                    0.2     0.1997027284250959                     10
                  16700     0.4126473494877064      5.656735201217415                      2                    0.2     0.1991659904964074                     10
                  16800     0.1637892835226434      5.786720075465945                      2                    0.2     0.1929298980396103                     10
                  16900    0.01448968012915092      5.934227757162576                      2                    0.2     0.1992417147930511                     10
                  17000     0.4047426281150644      6.078188251804317                      2                    0.2     0.2276570413438569                     10
                  17100     0.2189397558548386       6.04601565766345                      2                    0.2     0.2165585281862337                     10
                  17200   0.006612616142272799      6.031042323483462                      2                    0.2     0.2117415952940767                     10
                  17300    0.00104743952666887      6.037672997059618                      2                    0.2     0.2115650030538428                     10
                  17400      0.329694924859524       5.97293630214091                      2                    0.2     0.1961964255159905                     10
                  17500     0.8261594541032495      6.053038238366547                      2                    0.2     0.2149678250200346                     10
                  17600    0.05412681005359327      5.978389057026897                      2                    0.2     0.1944921979765311                     10
                  17700     0.2274406138123138      5.955306334071794                      2                    0.2     0.1892461198836392                     10
                  17800      0.404272711843267      5.638949641510138                      2                    0.2     0.1945637298691934                     10
                  17900     0.1241799863160754      5.455613053189261                      2                    0.2     0.2074235254650344                     10
                  18000      0.207278056992287      5.364303557404675                      2                    0.2     0.2131517849007331                     10
                  18100     0.7927602002434007      5.152690674384507                      2                    0.2     0.2295316075730069                     10
                  18200     0.7434234294282291      5.399414658996873                      2                    0.2     0.2101656833406596                     10
                  18300      1.451363532687566      5.229092635084166                      2                    0.2     0.2330780606903016                     10
                  18400     0.2837151312832645      5.222993492488619                      2                    0.2     0.2178691938747417                     10
                  18500    0.02549943765757345      5.344702313184833                      2                    0.2     0.2080462764522598                     10
                  18600     0.3586327265114547      5.804344722650761                      2                    0.2     0.1814062073105563                     10
                  18700      2.255508511899025      5.604599038715717                      2                    0.2     0.2353559813029539                     10
                  18800   0.001302088669736644      5.620391047804356                      2                    0.2     0.1893414195216775                     10
                  18900     0.1168825740304434       5.43974161123346                      2                    0.2     0.1977206780706726                     10
                  19000  0.0009765131431047333      5.541832333441036                      2                    0.2     0.1908964008366425                     10
                  19100      1.577937549511639      5.510214089181751                      2                    0.2     0.2105397099638838                     10
                  19200     0.2820724792149025      5.459730741968924                      2                    0.2     0.1918603998374915                     10
                  19300  0.0002313975635673979      5.275086372922864                      2                    0.2     0.2074217435707896                     10
                  19400     0.1252806203334058      5.212084908494184                      2                    0.2     0.2111280122288592                     10
                  19500     0.1169055123436266      5.265758830564998                      2                    0.2     0.2042117326984923                     10
                  19600     0.2502000406087482      5.149341748943916                      2                    0.2     0.2133613274282672                     10
                  19700      2.157555016052517      5.312634079871264                      2                    0.2     0.2350556338343962                     10
                  19800   0.003446766122512357      5.349314417883273                      2                    0.2     0.1938709089201647                     10
                  19900     0.1803694326274962      5.212679276952095                      2                    0.2     0.2034129646863851                     10
                  20000      1.113978422371002      5.073815391116671                      2                    0.2     0.2217218799595324                     10
                  20100     0.2446227983763451      4.890913841830322                      2                    0.2      0.230059007106539                     10
                  20200     0.0136380235192373      4.950646471615078                      2                    0.2      0.224710872976027                     10
                  20300     0.4157525572890196      4.807291468894071                      2                    0.2     0.2314542809799057                     10
                  20400     0.2300937537914427      4.868017648211246                      2                    0.2     0.2256613749545137                     10
                  20500   0.004181965911760911      5.104349627962847                      2                    0.2     0.2082054499892808                     10
                  20600  3.430188606488427e-05      5.026107167588293                      2                    0.2     0.2124287410561739                     10
                  20700     0.4474863457251098      4.808310745062677                      2                    0.2     0.2256370728937554                     10
                  20800     0.6830671184514703      4.909085486615066                      2                    0.2     0.2172496708227801                     10
                  20900   0.001229640305605054      4.863493717343808                      2                    0.2      0.219239222336399                     10
                  21000   0.009131575655871933      4.927672666487863                      2                    0.2     0.2127858443270088                     10
                  21100     0.0577550366702507      5.090491985003167                      2                    0.2     0.2014447485850609                     10
                  21200     0.4473894804866692      4.864292533927443                      2                    0.2     0.2131789230338186                     10
                  21300     0.1798248922441444      5.045532505644612                      2                    0.2     0.2003416861042457                     10
                  21400     0.5622900281798157       5.03098239451865                      2                    0.2     0.1996145153483554                     10
                  21500   0.005289143185197014      4.984148685649508                      2                    0.2     0.2015547639827712                     10
                  21600     0.2806562591520599      4.650566652306741                      2                    0.2     0.2285513881543565                     10
                  21700    0.02194610944493001      4.642072943687594                      2                    0.2     0.2282840201103548                     10
                  21800     0.1299954216758724      4.805380687501783                      2                    0.2     0.2110957197085929                     10
                  21900      1.936718870539115      4.725511194070169                      2                    0.2      0.241800232419817                     10
                  22000      1.236854205406964      4.612111201233388                      2                    0.2     0.2319319857797715                     10
                  22100     0.5008650289483279      4.478167105992735                      2                    0.2      0.233058149667369                     10
                  22200    0.06149442369361045      4.635230440333974                      2                    0.2     0.2206347347645735                     10
                  22300     0.0671824864867025      4.706188627852296                      2                    0.2     0.2130875277088377                     10
                  22400     0.3534451144054433      4.474812281087534                      2                    0.2     0.2287590565509716                     10
                  22500     0.1328165348719729      4.423863884528567                      2                    0.2     0.2320642075241304                     10
#! FIELDS time cv_water_cyl cv_zdist sigma_cv_water_cyl sigma_cv_zdist height biasf
#! SET multivariate false
#! SET kerneltype stretched-gaussian
                  22200  0.0006044930877754414       4.38956726042441                      2                    0.2      0.234202400558921                     10
                  22300      0.422230182415064      4.194229073418613                      2                    0.2     0.2553307447861955                     10
                  22400     0.1603968564248776      4.153573756624196                      2                    0.2     0.2600902456626727                     10
                  22500    0.01801720739423943      4.141208073306887                      2                    0.2     0.2602416911761971                     10
                  22600     0.0278957488214354       3.96266674282818                      2                    0.2     0.2891035735781421                     10
                  22700     0.2715288478133563      3.838935558177797                      2                    0.2     0.3055624300655889                     10
                  22800     0.1654205183583571      3.853183904842178                      2                    0.2     0.2998997005611826                     10
                  22900     0.1592219070822672      4.012726141850084                      2                    0.2     0.2716218626166261                     10
                  23000   0.004254964253412853      4.068116523716204                      2                    0.2     0.2611834365804659                     10
                  23100     0.3734600110428916      3.896289111358064                      2                    0.2     0.2847021202583799                     10
                  23200   0.002430705572917082      4.207648035543945                      2                    0.2     0.2405975136504895                     10
                  23300     0.2271332796488466      3.977907091705969                      2                    0.2     0.2671317809069205                     10
                  23400      1.255161269333094      3.927988837886703                      2                    0.2     0.2762575561174465                     10
                  23500      1.396396500941658      3.751585248973559                      2                    0.2     0.3034171767838316                     10
                  23600   0.003352465756011014      3.900664317210511                      2                    0.2     0.2735145526118485                     10
                  23700  0.0001247850511997911      3.944653956466208                      2                    0.2     0.2636242647464433                     10
                  23800     0.3512955659253417      3.915552166576878                      2                    0.2     0.2640759764573786                     10
                  23900   0.003834411171275196      3.877287261980591                      2                    0.2     0.2688752036642256                     10
                  24000     0.3000571503418297      3.699461202868777                      2                    0.2      0.298801176474973                     10
                  24100    0.02774232745444303      3.872071106257163                      2                    0.2     0.2645581931764935                     10
                  24200     0.2739776237308846      3.843198150502309                      2                    0.2     0.2657323784094668                     10
                  24300     0.0774439978943646      3.981701535480871                      2                    0.2     0.2448053645430643                     10
                  24400     0.6131221500741394      4.267113589251435                      2                    0.2     0.2267534703613668                     10
                  24500     0.1381074413939374      4.220587526188952                      2                    0.2     0.2269455965911616                     10
                  24600     0.7606152084422935      4.451754550501045                      2                    0.2     0.2185131867736597                     10
                  24700    0.01108180237044013      4.309941257777027                      2                    0.2     0.2214209728435446                     10
                  24800      3.155668125457478       4.25151360621275                      2                    0.2       0.27632969551452                     10
                  24900     0.2744676670763776      4.548951425720135                      2                    0.2     0.2118281132700779                     10
                  25000     0.9433577232541189      4.393236543205093                      2                    0.2     0.2157098547425728                     10
                  25100   0.001284742511557899      4.328731266277824                      2                    0.2     0.2156878097219898                     10
                  25200     0.9576126556996495      4.255209703789822                      2                    0.2     0.2176522399678501                     10
                  25300     0.1245948993112406       4.00829760301554                      2                    0.2     0.2345997513960899                     10
                  25400     0.3246022990789177       4.34016266082844                      2                    0.2     0.2092749497865178                     10
                  25500     0.1510892044942156      4.239529607366496                      2                    0.2     0.2124479185252207                     10
                  25600    0.03249180655776419      4.428323589501622                      2                    0.2     0.2067753567080192                     10
                  25700     0.2252210172277345      4.665274745314292                      2                    0.2     0.2040636022618177                     10
                  25800    0.08693284861516373      4.767962052751493                      2                    0.2     0.2007668307903553                     10
                  25900  1.801494731435112e-05      4.721159983370079                      2                    0.2     0.2011195395483935                     10
                  26000     0.1580345672925565      4.655158499523491                      2                    0.2     0.1998919902689807                     10
                  26100   0.006026417651263817      4.519791784984003                      2                    0.2      0.201340089220904                     10
                  26200     0.4227766867230238      4.740726807832628                      2                    0.2     0.1951742790155702                     10
                  26300       1.59880039154565      4.651171137341821                      2                    0.2     0.2130580252541888                     10
                  26400  0.0002995005560795008      4.787104202270605                      2                    0.2      0.193394328855723                     10
                  26500     0.4459002736760623      4.645626332380237                      2                    0.2     0.1927804773577331                     10
                  26600   0.002493573664247854      4.543584271324987                      2                    0.2     0.1954208516190265                     10
                  26700      1.118897379011006      4.587052436157668                      2                    0.2     0.1976060723903006                     10
                  26800     0.1461147194125078        4.6600071721608                      2                    0.2     0.1890828769128429                     10
                  26900     0.1371370046312159      4.545363686040684                      2                    0.2     0.1902070783136957                     10
                  27000     0.3342993987850293      4.735734139027379                      2                    0.2     0.1854820490849694                     10
                  27100  0.0002030738612828929      4.871959091910689                      2                    0.2     0.1872983260036696                     10
                  27200    0.01025262013134505      4.866228477725217                      2                    0.2     0.1856952548589776                     10
                  27300    0.02802680702795066      4.720654624206054                      2                    0.2     0.1834587044291195                     10
                  27400  0.0002226858571210071      4.844064127286357                      2                    0.2     0.1829247756974778                     10
                  27500     0.4781524709602669        4.9740452560318                      2                    0.2     0.1838162569500888                     10
                  27600    0.01101734422506307      4.981956976166412                      2                    0.2     0.1839305841106156                     10
                  27700      2.212078481590115      4.951014623297601                      2                    0.2     0.2219911014047983                     10
                  27800     0.2577734155835251      5.045356637098156                      2                    0.2     0.1823768373010726                     10
                  27900     0.2949274956436522      4.858706342034825                      2                    0.2     0.1763803484073109                     10
                  28000     0.7352687071132253       4.78342764560387                      2                    0.2     0.1771652873935442                     10
                  28100     0.2362297583291685       4.72929932206655                      2                    0.2     0.1753910043692735                     10
                  28200     0.9522365147696754      4.779580984548208                      2                    0.2     0.1775626430102797                     10
                  28300     0.3814702056449832       4.61233224357512                      2                    0.2     0.1779334881115989                     10
                  28400     0.2768192939951413      4.488733392371172                      2                    0.2     0.1848204227022003                     10
                  28500   0.004146854216583659      4.527064304086979                      2                    0.2     0.1826232361633278                     10
                  28600  7.004948476976145e-05      4.800518986578336                      2                    0.2     0.1717022479192121                     10
                  28700    0.08079427291654714      4.490142238175403                      2                    0.2     0.1827776054024678                     10
                  28800     0.1719449256937688      4.471765407041225                      2                    0.2     0.1821968820632988                     10
                  28900    0.03695894669009755        4.4743669066959                      2                    0.2     0.1816806826104649                     10
                  29000     0.1735773836363532      4.230370557087408                      2                    0.2     0.2032809076351942                     10
                  29100     0.6179652280784278      4.250010241517378                      2                    0.2     0.1992017643417149                     10
                  29200     0.1139656946620287      4.363467443510341                      2                    0.2     0.1869777388965501                     10
                  29300   0.004110870705852074      4.248167053187325                      2                    0.2      0.198135175786038                     10
                  29400   0.004452168724645127      4.212258653702593                      2                    0.2     0.2006341470490748                     10
                  29500      1.244495566610173      4.205133786263232                      2                    0.2     0.2059811023507493                     10
                  29600   0.002313066378898243      4.351912033389999                      2                    0.2     0.1841496589786479                     10
                  29700    0.03597273862348499      4.296935558045414                      2                    0.2     0.1871908645644534                     10
                  29800      0.130376160520966      4.303918991751084                      2                    0.2     0.1843751875804551                     10
                  29900     0.2176137926544008      4.284691201174718                      2                    0.2     0.1843300347641147                     10
                  30000    0.02396178142013167      4.282168841220743                      2                    0.2     0.1845693217833072                     10
                  30100    0.06113684093887054      4.335279048451751                      2                    0.2     0.1782978185131544                     10
                  30200    0.02686961802596819      4.318502972126042                      2                    0.2     0.1786322761593858                     10
                  30300  0.0008791626529374184      4.294530993585337                      2                    0.2     0.1796849150149954                     10
                  30400   0.003712889571621983      4.249900345731659                      2                    0.2     0.1829767003434655                     10
                  30500    0.02676598050824157      4.371383110390859                      2                    0.2     0.1714924669583269                     10
                  30600    0.01226657027061131      4.249761890826289                      2                    0.2     0.1805281015259473                     10
                  30700     0.2137824122317888      4.376817153542094                      2                    0.2     0.1677988044922673                     10
                  30800      0.306394636129926       4.14586649703106                      2                    0.2     0.1918480579991066                     10
                  30900     0.4743075297002715      4.294617052678735                      2                    0.2     0.1710202280122611                     10
                  31000      0.227180594213709      4.361330970578692                      2                    0.2     0.1655691181915749                     10
                  31100    0.00010905846520494      3.991886555653942                      2                    0.2      0.220561306678491                     10
                  31200      0.201657758663063      3.790422322838333                      2                    0.2     0.2649091519713858                     10
                  31300  0.0007406785324046845      3.818075282653041                      2                    0.2     0.2561191999277441                     10
                  31400     0.4386306685547325      3.564403775753831                      2                    0.2      0.309935172849219                     10
                  31500     0.0255983864450274      3.553391803944537                      2                    0.2     0.3082515157931791                     10
                  31600   0.001467826393871123      3.508329443074969                      2                    0.2     0.3108992702812705                     10
                  31700     0.1339549495194033      3.509116137663437                      2                    0.2     0.3067497279852169                     10
                  31800    0.08860163934555422      3.418073888054593                      2                    0.2     0.3134520356285002                     10
                  31900     0.1406353599254396      3.364086706859078                      2                    0.2     0.3146534434543367                     10
                  32000      1.100358743938136      3.590959205556802                      2                    0.2     0.2900936882451016                     10
                  32100  0.0004609477087275351      3.461534532909042                      2                    0.2     0.2992282805803618                     10
                  32200      1.989212736398673      3.706563324080633                      2                    0.2     0.2810223693265191                     10
                  32300  0.0001720203950261877      3.657745167794074                      2                    0.2     0.2710002411460654                     10
                  32400    0.02324118601878734      3.650490488317297                      2                    0.2     0.2689625711993032                     10
                  32500    0.06309191181359268      3.788950275880318                      2                    0.2     0.2453733801908274                     10
                  32600     0.5416606970183171      3.801378338884478                      2                    0.2     0.2405108341755387                     10
                  32700     0.1479509510794668      3.866534276609084                      2                    0.2     0.2283808724118502                     10
                  32800     0.2366090406091247      3.776876315558386                      2                    0.2     0.2398781899562917                     10
                  32900    0.01660280921526102      3.566066135468224                      2                    0.2     0.2722437084727989                     10
                  33000       2.74328841662485      3.470591763478744                      2                    0.2     0.3080732006263345                     10
                  33100   0.003560427466910095      3.457067360877966                      2                    0.2     0.2847060530802885                     10
                  33200    0.02414844555604059      3.604357009993722                      2                    0.2     0.2600031143236805                     10
                  33300   0.007160550371572119      3.519395943429766                      2                    0.2      0.269614523784341                     10
                  33400    0.01348972565156294      3.335002688443289                      2                    0.2     0.2967247801845753                     10
                  33500     0.1671640967317505      3.404488297983457                      2                    0.2     0.2815137986370618                     10
                  33600   0.006411441875012182      3.102339327467917                      2                    0.2     0.3226051522920847                     10
                  33700     0.2177060068728391       3.16616676658162                      2                    0.2      0.311919569582688                     10
                  33800    0.07949578371339587       3.38212520307961                      2                    0.2     0.2787702539455625                     10
                  33900     0.3262429384885626      3.175276218714407                      2                    0.2     0.3050425594167107                     10
                  34000      2.993700476153536      3.204049365626418                      2                    0.2     0.3185886380923927                     10
                  34100    0.08939426763031959      3.524442779099425                      2                    0.2     0.2568791941137743                     10
                  34200   0.002090971245629271      3.577455743657177                      2                    0.2     0.2495861846760497                     10
                  34300    0.05470659658448784      3.515823892778778                      2                    0.2     0.2527766153836405                     10
                  34400       1.44046776868862       3.56717606578046                      2                    0.2      0.255667126632177                     10
                  34500  7.284433946535219e-05      3.745917763524515                      2                    0.2     0.2299990695213276                     10
                  34600     0.4336289109370362      3.602282176441488                      2                    0.2     0.2381861064803134                     10
                  34700      1.664450218502676      3.746879766782145                      2                    0.2      0.241139322356997                     10
                  34800  0.0001679543740347755      3.878182645259095                      2                    0.2     0.2149214129527789                     10
                  34900     0.6664454585246805      3.984752246883115                      2                    0.2     0.2032501689121527                     10
                  35000    0.09651293483926365      3.996822529686874                      2                    0.2     0.2000379372260718                     10
                  35100     0.3883141770616184      4.010310241451949                      2                    0.2     0.1962930081153492                     10
                  35200    0.02737702304726396      3.788628190181937                      2                    0.2     0.2167580794864143                     10
                  35300     0.7184546434700823      3.521171443418181                      2                    0.2     0.2425517751452366                     10
                  35400    0.05166117495854544      3.571914582870622                      2                    0.2     0.2335913873176239                     10
                  35500   0.003925339963019821      3.448092363869732                      2                    0.2     0.2482977427506626                     10
                  35600     0.9038178932679495      3.410135383058515                      2                    0.2     0.2543319958786695                     10
                  35700     0.3698363337443143      3.501306205661294                      2                    0.2     0.2350668122362831                     10
                  35800     0.8219251404800655      3.421729098010974                      2                    0.2      0.246954484279446                     10
                  35900     0.2823945387429993      3.445661345499527                      2                    0.2     0.2385985043354384                     10
                  36000     0.0375020456975726      3.312081621585135                      2                    0.2     0.2624159627629181                     10
                  36100     0.0345135224079115       3.28298443673275                      2                    0.2     0.2658758976552516                     10
                  36200    0.04258319211045881      3.052954477804739                      2                    0.2     0.3074907168887115                     10
                  36300   0.006555079153139469      3.238960997554909                      2                    0.2     0.2704073844635164                     10
                  36400    0.04360094475404176      3.431529593573599                      2                    0.2     0.2332354235442581                     10
                  36500    0.08071952946077775      3.369302784098521                      2                    0.2       0.24031336899727                     10
                  36600      0.134881176451829      3.064241896514673                      2                    0.2     0.2982428967009019                     10
                  36700     0.8212797394625376      3.302993321021367                      2                    0.2     0.2509227973872526                     10
                  36800    0.01208033541905827      3.438184230707385                      2                    0.2     0.2261142253293795                     10
                  36900    0.01005274265958492      3.323184513180415                      2                    0.2     0.2412129344088156                     10
                  37000     0.8612855760979594      3.419049749029988                      2                    0.2     0.2267745109965169                     10
                  37100      0.324829676534279       3.06333231901235                      2                    0.2      0.291215463198274                     10
                  37200    0.08371501332900862      3.162885367243492                      2                    0.2      0.267911096466211                     10
                  37300      1.255412056084248      3.397675136786946                      2                    0.2     0.2315334346082443                     10
                  37400    0.02891309858745754      3.155968137272998                      2                    0.2     0.2656487494893303                     10
                  37500     0.2576818945543589      3.092704985998379                      2                    0.2     0.2757352066656288                     10
                  37600     0.9176334262832471      3.240175251351504                      2                    0.2     0.2462547986742254                     10
                  37700   0.005363522097092201      3.215819437353669                      2                    0.2     0.2460437752557675                     10
                  37800   0.005008322995789734      3.254345996203305                      2                    0.2     0.2365239484191408                     10
                  37900    0.08352725672986408      3.047731372206275                      2                    0.2     0.2769392509270364                     10
                  38000      1.023328144278986       3.03074373852772                      2                    0.2     0.2809437031368405                     10
                  38100     0.4795072326995689        2.9718089406578                      2                    0.2     0.2873140873442754                     10
                  38200     0.2634521717426047      3.001963563230261                      2                    0.2     0.2775421268161135                     10
                  38300     0.4320241110475784      3.227329733256978                      2                    0.2     0.2326686564307562                     10
                  38400      1.208148610767065      3.197788129974235                      2                    0.2     0.2425430119852427                     10
                  38500     0.7365787152573109      3.124941895237725                      2                    0.2     0.2473230648678771                     10
                  38600  0.0001306773272868399      2.985784453648089                      2                    0.2     0.2738268973948332                     10
                  38700     0.2583345649068195      3.048498163028903                      2                    0.2     0.2564738403689039                     10
                  38800    0.01860465711111053      3.052375865326916                      2                    0.2     0.2537789329771356                     10
                  38900     0.0117786790852724      2.923742117784601                      2                    0.2     0.2798353528681379                     10
                  39000  0.0003601950808883265      2.863540076185133                      2                    0.2     0.2903055299773685                     10
                  39100     0.1347425390881375      2.922722360628711                      2                    0.2     0.2735344800275305                     10
                  39200     0.1715169824314734      2.805653335703854                      2                    0.2     0.2959375511656042                     10
                  39300     0.1424452583193251        2.7829000142239                      2                    0.2     0.2969258907188185                     10
                  39400      1.161402909563232      2.832281992497194                      2                    0.2     0.2883310956596217                     10
                  39500     0.1774628716699746      2.780878446102168                      2                    0.2     0.2908464347946947                     10
                  39600     0.8094152952299963      2.804929706767664                      2                    0.2     0.2843982067087784                     10
                  39700   0.002737780276821392      2.924774794940697                      2                    0.2     0.2582930872519502                     10
                  39800  0.0009410560548844215      2.920349811024138                      2                    0.2     0.2563833212698725                     10
                  39900    0.03244961502220455      3.028598538098603                      2                    0.2     0.2375583120489993                     10
                  40000    0.09264134239174061      3.057347102871605                      2                    0.2     0.2316123344832809                     10
                  40100   0.002707644125261996      3.005295985866445                      2                    0.2      0.236327806325689                     10
                  40200    0.01872915277883886       3.23686366504201                      2                    0.2     0.2140840584337176                     10
                  40300    0.05005589836539665      2.976899755990154                      2                    0.2     0.2370670890071413                     10
                  40400      1.063695097644263      3.001300612334827                      2                    0.2     0.2371499594423821                     10
                  40500     0.1718969473505397      2.902256394633618                      2                    0.2     0.2458712837400066                     10
                  40600     0.0180875431561518      2.937251471669596                      2                    0.2     0.2373717052184031                     10
                  40700      2.003238423137573      2.853776321111022                      2                    0.2     0.2740991798327688                     10
                  40800      0.826484108538155      2.970099998527033                      2                    0.2     0.2304676779144156                     10
                  40900     0.0375001985781272      2.803791659231448                      2                    0.2     0.2603500310543102                     10
                  41000    0.03369400135889306      2.955807857637023                      2                    0.2     0.2267710899446168                     10
                  41100      1.812394484629419       2.93506884684396                      2                    0.2     0.2487359159771108                     10
                  41200     0.7390342401003615       2.90900124010343                      2                    0.2     0.2316831776206242                     10
                  41300   0.001111321955325701      2.920444245656288                      2                    0.2     0.2271193845884314                     10
                  41400    0.07171136884464537      3.078593540500679                      2                    0.2     0.2084226875399461                     10
                  41500     0.4535177768730395      2.942663908084258                      2                    0.2     0.2189967071094074                     10
                  41600      1.770945934987768      2.822390153717066                      2                    0.2     0.2591682895825939                     10
                  41700  9.893077162090836e-07      2.753070618267492                      2                    0.2     0.2606962461551541                     10
                  41800   0.004629404119075513      2.818697795408854                      2                    0.2     0.2402073675205293                     10
                  41900       1.81516012951708      2.821968907303306                      2                    0.2     0.2542005674777675                     10
                  42000    0.06221483246686273      2.738840494632859                      2                    0.2     0.2576937857057909                     10
                  42100     0.2800011166225648      2.660918197322873                      2                    0.2     0.2768945616415135                     10
                  42200  7.226877299528731e-05      2.648804010152864                      2                    0.2     0.2780934367243635                     10
                  42300    0.01388683959000283      2.642504190789339                      2                    0.2     0.2766355139733876                     10
                  42400    0.08071347205859809      2.662925258927974                      2                    0.2      0.267783753623709                     10
                  42500       1.44133414377736      2.480524742576788                      2                    0.2     0.3113375212302958                     10
                  42600  7.787843518210254e-06      2.559480097788455                      2                    0.2     0.2890299406614472                     10
                  42700   0.001768051424065272      2.506822622864441                      2                    0.2      0.296766322362402                     10
                  42800     0.3978846310528863      2.529186510350941                      2                    0.2     0.2882405333049081                     10
                  42900  0.0005636609026320844      2.381131693168891                      2                    0.2     0.3108705672210353                     10
                  43000    0.07893447108441179       2.51411762486557                      2                    0.2     0.2853992116149662                     10
                  43100     0.4132437570227882      2.557038567295859                      2                    0.2     0.2737221887366209                     10
                  43200    0.07569097044162514      2.695506458397357                      2                    0.2     0.2435890593683309                     10
                  43300     0.5987020725637511      2.728989813548454                      2                    0.2     0.2346326210215244                     10
                  43400     0.1611883137951266      2.595670039380021                      2                    0.2     0.2590747350110789                     10
                  43500    0.01369441212590519      2.728603893341958                      2                    0.2     0.2310991592429826                     10
                  43600   0.006798459392787481      2.593569945971224                      2                    0.2     0.2554867544539617                     10
                  43700   0.008457195479717194      2.561008743189108                      2                    0.2     0.2596297961328139                     10
                  43800    0.08294325034310841      2.695276558867322                      2                    0.2     0.2306504148450082                     10
                  43900    0.04789477699337052       2.50054348934148                      2                    0.2     0.2679725407350383                     10
                  44000      1.068509537179397      2.540298836434314                      2                    0.2     0.2613043229769493                     10
                  44100     0.5376529789198325      2.435963949583181                      2                    0.2     0.2770077450371347                     10
                  44200      1.317752670397148      2.559275021376425                      2                    0.2      0.256122681233959                     10
                  44300     0.9791344008239995       2.54434312332994                      2                    0.2      0.251743333711781                     10
                  44400   0.005537794333945912      2.535006759325654                      2                    0.2     0.2487448197962475                     10
                  44500     0.2818374954821799      2.435678504617158                      2                    0.2     0.2670050309933561                     10
                  44600    0.06132947453116361      2.542437923343217                      2                    0.2     0.2422355966654795                     10
                  44700    0.04118048571334901      2.530610080189188                      2                    0.2     0.2422152656251716                     10
                  44800     0.7441760345021171      2.588656651170208                      2                    0.2     0.2307464094817659                     10
                  44900    0.02158668317406237      2.624476406212107                      2                    0.2     0.2227332302620509                     10
                  45000    0.08675912983285348      2.727086228202824                      2                    0.2      0.209196649201126                     10
                  45100      2.836445067013742      2.569101529721763                      2                    0.2     0.2774313501664517                     10
                  45200     0.1827295801806103      2.491261775758581                      2                    0.2     0.2414884818961957                     10
                  45300  5.029676876858841e-05      2.505208904866697                      2                    0.2     0.2369995478397357                     10
                  45400  2.744461094439773e-05      2.386947772052455                      2                    0.2     0.2639477105548954                     10
                  45500   0.008388504414971068      2.442852525931816                      2                    0.2     0.2466702108458683                     10
                  45600      2.324029831568112      2.369789875109928                      2                    0.2     0.2869777934628546                     10
                  45700     0.0643002041870383      2.398704377695438                      2                    0.2     0.2536920438040145                     10
                  45800    0.09812390153344556      2.292801973607787                      2                    0.2      0.279818367887152                     10
                  45900     0.3486544507801654      2.404047897718449                      2                    0.2     0.2466083324142205                     10
                  46000      0.779707010075672      2.443897380872945                      2                    0.2     0.2365353885457143                     10
                  46100      2.689084838787342      2.392479741255546                      2                    0.2      0.281707755443136                     10
                  46200    0.01908864537788631      2.256174311019636                      2                    0.2     0.2816882873819049                     10
                  46300    0.01448859680183519      2.145176771967417                      2                    0.2     0.3046840817704954                     10
                  46400    0.04030951133008386      2.117038261033898                      2                    0.2     0.3061152475358641                     10
                  46500    0.02244262191077791      2.331421522431894                      2                    0.2     0.2544024415526377                     10
                  46600    0.05241833950097484       2.39513526792868                      2                    0.2     0.2369182726166451                     10
                  46700    0.09512012293712803      2.396051295995605                      2                    0.2     0.2342317206394601                     10
                  46800     0.1550690184787389      2.299512947850804                      2                    0.2     0.2547445597880964                     10
                  46900      1.246952440557487      2.384798161639003                      2                    0.2     0.2389638322738929                     10
                  47000     0.2236402151209588      2.193081664844867                      2                    0.2     0.2775587361970749                     10
                  47100     0.3034695810883166       2.07907406371616                      2                    0.2     0.2999047104397428                     10
                  47200  0.0008914786775805749      1.948602584521058                      2                    0.2     0.3163867621564912                     10
                  47300     0.1583564915977917      2.131029408207599                      2                    0.2     0.2834551654521223                     10
                  47400      1.344753368341569      2.197548526039908                      2                    0.2     0.2730822946295886                     10
                  47500   4.12628359546055e-05      2.097802688024666                      2                    0.2     0.2847292452156268                     10
                  47600      0.344537456891303       2.18110398376435                      2                    0.2     0.2643395303532661                     10
                  47700      2.309545318140694      2.120751809500007                      2                    0.2     0.2943875212319342                     10
                  47800     0.1636044676665236      2.310326038342815                      2                    0.2     0.2347043820860702                     10
                  47900      0.778054427737381      2.317368543730863                      2                    0.2     0.2320799731520125                     10
                  48000      1.379700981493605      2.143870778251562                      2                    0.2     0.2701689545617228                     10
                  48100      3.637974025875804      2.059876376028274                      2                    0.2     0.3142421809834953                     10
                  48200     0.1395216268684689      2.129289347056943                      2                    0.2     0.2641872807098954                     10
                  48300     0.6814865865818581       2.26211952165322                      2                    0.2     0.2351867170560807                     10
                  48400    0.01551940612567154      2.263944362348909                      2                    0.2     0.2339335366394835                     10
                  48500    0.01307179702317759      2.360069931798618                      2                    0.2     0.2168293606504731                     10
                  48600    0.02544540583378323      2.395681922002968                      2                    0.2     0.2105122287562367                     10
                  48700     0.3463974897202988      2.419476965595246                      2                    0.2     0.2047888919456814                     10
                  48800     0.4029452225318205      2.306265863012307                      2                    0.2     0.2178909466465314                     10
                  48900    0.04221154265326683      2.443358429414305                      2                    0.2     0.2010411434965919                     10
                  49000     0.1519766253276389      2.546998311387226                      2                    0.2     0.1945348966393319                     10
                  49100      1.133086083343733      2.595240729782267                      2                    0.2     0.1995196484622349                     10
                  49200     0.2554545920492731      2.749358060527669                      2                    0.2     0.1935128386287653                     10
                  49300    0.01394124046726346      2.947700787076142                      2                    0.2     0.1948083297695895                     10
                  49400   0.009304089305037587      2.696501000801756                      2                    0.2     0.1919515223740758                     10
                  49500      0.291946658326605      2.669049874138054                      2                    0.2     0.1887205970614541                     10
                  49600    0.04686741362008528       2.71208371611006                      2                    0.2       0.18894233773271                     10
                  49700     0.7811294715299719      2.960642139743779                      2                    0.2     0.1928205689661658                     10
                  49800     0.6016416697579652      2.881899141090827                      2                    0.2      0.188125700674782                     10
                  49900   0.001696591068674521      2.774510947201076                      2                    0.2     0.1866346035401212                     10
                  50000   0.000323481785313463      2.832377260208156                      2                    0.2      0.185649506338027                     10
                  50100     0.1645329515328862      2.874316504460815                      2                    0.2      0.183693862337079                     10
                  50200    0.01205813815622246      2.785578529463946                      2                    0.2     0.1826332946751769                     10
                  50300    0.07593914656951196      2.993518186948863                      2                    0.2     0.1858937872337075                     10
                  50400  0.0004268640571345291      2.921318865917355                      2                    0.2     0.1821194359265915                     10
                  50500    0.07776806792286946      2.911648635308024                      2                    0.2      0.179933281860378                     10
                  50600      1.313356254435369      2.928660950316457                      2                    0.2     0.1907664643026778                     10
                  50700   0.002774055980932426      2.934306628916021                      2                    0.2     0.1787663282293395                     10
                  50800    0.06536270451457049        2.9718766029235                      2                    0.2     0.1785727958692398                     10
                  50900   0.002517665070084293      2.895676326725161                      2                    0.2     0.1753100028407618                     10
                  51000      1.146724184857155      2.914126875612402                      2                    0.2     0.1818254729482128                     10
                  51100     0.6038949504975162      3.075168829529446                      2                    0.2     0.1829480852146454                     10
                  51200     0.5937118950625188      3.060908496583075                      2                    0.2      0.180249862846274                     10
                  51300    0.09656694591225798      3.157069641201538                      2                    0.2     0.1878577621316178                     10
                  51400    0.07010147913999984      3.282668868003059                      2                    0.2     0.1963916208979443                     10
                  51500      2.112171858477623      3.198301980857535                      2                    0.2     0.2247525417282185                     10
                  51600   0.002941056850271241      3.158835222138404                      2                    0.2     0.1851042974118397                     10
                  51700     0.7616027901255447      2.926554502601892                      2                    0.2     0.1706639873070306                     10
                  51800  8.365995097247654e-05      3.385995372463221                      2                    0.2     0.1983430024357333                     10
                  51900      1.150819425860552      3.549020466451363                      2                    0.2     0.2100827087475911                     10
                  52000    0.00178001464700902      3.605480060162281                      2                    0.2     0.2050477146538199                     10
                  52100     0.0211043783223676      3.644261200065845                      2                    0.2     0.2046553623753102                     10
                  52200      1.511066139677426      3.622507876934725                      2                    0.2     0.2159134123994815                     10
                  52300     0.8375662305309475      3.594863139726423                      2                    0.2     0.2010063654498208                     10
                  52400     0.3088703339985355      3.647951014130067                      2                    0.2     0.1988666205497484                     10
                  52500    0.00309266069513907      3.532358888599624                      2                    0.2     0.1949421303555493                     10
                  52600     0.2012112022420605      3.588502172805537                      2                    0.2     0.1940063404917584                     10
                  52700     0.5968833836336821      3.546535793913776                      2                    0.2     0.1914851355087088                     10
                  52800      1.199355543305569      3.646136561084671                      2                    0.2     0.2011764171276742                     10
                  52900      1.159591242871083      3.717386789083555                      2                    0.2     0.2016294804488632                     10
                  53000     0.9530636497994451      3.662011830727284                      2                    0.2     0.1946730093777985                     10
                  53100     0.7532860880866272      3.736979696503411                      2                    0.2     0.1939824309201507                     10
                  53200     0.7783036440341414      3.725339331256073                      2                    0.2     0.1922463542514928                     10
                  53300    0.05683530657086255      3.606335970604956                      2                    0.2     0.1866406444200948                     10
                  53400    0.02302650302561651      3.729859429827467                      2                    0.2      0.190050265267721                     10
                  53500      0.166693089321585      3.556312850069153                      2                    0.2     0.1825540271259609                     10
                  53600      1.000572373960779      3.437662695575526                      2                    0.2     0.1871997056956854                     10
#! FIELDS time cv_water_cyl cv_zdist sigma_cv_water_cyl sigma_cv_zdist height biasf
#! SET multivariate false
#! SET kerneltype stretched-gaussian
                  53700  4.538881052052417e-05      3.272076733907092                      2                    0.2     0.1847725815874394                     10
                  53800   0.004365836535533534      3.187388747321345                      2                    0.2     0.1805761928634087                     10
                  53900  3.230730414881844e-05      3.241229635468123                      2                    0.2     0.1814888656163645                     10
                  54000     0.8096994602462414       3.35410290001926                      2                    0.2     0.1823600900576215                     10
                  54100     0.1497952870558125      3.515630090015851                      2                    0.2     0.1777925326586726                     10
                  54200    0.04284293929228651      3.518939891099846                      2                    0.2     0.1773535243355765                     10
                  54300    0.04910272799258298      3.673956606087907                      2                    0.2     0.1817768672137782                     10
                  54400    0.05777007597036203      3.779476383112133                      2                    0.2     0.1865684876641259                     10
                  54500    0.00704067174648339      3.946467086977504                      2                    0.2     0.1905146243617967                     10
                  54600     0.1520068111796151      3.837253881242543                      2                    0.2     0.1860956424993019                     10
                  54700     0.1193542452940036      3.952512622753851                      2                    0.2     0.1870046281050172                     10
                  54800    0.00468567481543709      3.788092550675096                      2                    0.2     0.1827447774155546                     10
                  54900     0.6181551965033706      3.777657240894055                      2                    0.2     0.1799334432489621                     10
#! FIELDS time cv_water_cyl cv_zdist sigma_cv_water_cyl sigma_cv_zdist height biasf
#! SET multivariate false
#! SET kerneltype stretched-gaussian
                  54900   0.009449562223002937      3.875209821012378                      2                    0.2    0.09163670984176576                     10
                  55000    0.02359827828587301      3.819904301378369                      2                    0.2    0.09031257610047463                     10
                  55100      0.662521484154724      3.817759694549729                      2                    0.2    0.08972527360625672                     10
                  55200    0.03366067140891066      3.847194188621224                      2                    0.2    0.09012354555274239                     10
                  55300   0.008717787680141991      3.919497276588645                      2                    0.2    0.09091349103500089                     10
                  55400      2.240565467054331      3.987718981610339                      2                    0.2     0.1101998291683588                     10
                  55500      1.085305328859957      3.981265075127256                      2                    0.2    0.09320987864206973                     10
                  55600     0.7590800778236546      3.852126222725323                      2                    0.2    0.08937945925977171                     10
                  55700    0.06368503670531885      4.068412298335049                      2                    0.2    0.08913675565524998                     10
                  55800    0.03376870772411879      4.073759838501543                      2                    0.2     0.0888389195200375                     10
                  55900    0.04484038920840997      4.033539088107819                      2                    0.2    0.08906038804650337                     10
                  56000     0.1359088626543567      3.958548430999054                      2                    0.2    0.08876302841484097                     10
                  56100   0.003443382157391608      4.090275216067218                      2                    0.2    0.08776757702935294                     10
                  56200  2.653571087013424e-05      3.843949535431706                      2                    0.2    0.08794467962620932                     10
                  56300    0.03182962178952629      3.824154126891319                      2                    0.2    0.08727565385442573                     10
                  56400    0.01653136201329847      3.808589477221162                      2                    0.2    0.08686718095733463                     10
                  56500   0.003585666203644748      3.821768082274316                      2                    0.2    0.08676834628677209                     10
                  56600     0.5174779480554469       3.78570318060445                      2                    0.2    0.08533249994430481                     10
                  56700    0.04289371531511284      3.704968539370377                      2                    0.2    0.08491233499897216                     10
                  56800     0.9842147777588198      3.549796448513261                      2                    0.2    0.08660803159917818                     10
                  56900   0.002301687546313814       3.43524099728789                      2                    0.2     0.0866458512280161                     10
                  57000     0.2915304921035993      3.535255934980297                      2                    0.2    0.08380727183880909                     10
                  57100   0.008692002191032253      3.405432739964283                      2                    0.2    0.08668543274228414                     10
                  57200     0.0996847963507041      3.191774919289132                      2                    0.2    0.08745856262617839                     10
                  57300     0.1150331503945641       3.22906799787933                      2                    0.2     0.0875123558226283                     10
                  57400     0.2949327546617446       3.23346209579042                      2                    0.2    0.08693084516811872                     10
                  57500     0.2666571891121022      3.405229126064874                      2                    0.2    0.08507591546195445                     10
                  57600     0.1370841714592824      3.472255474964893                      2                    0.2    0.08387481854168821                     10
                  57700    0.00010920570770911      3.578526188929835                      2                    0.2     0.0832238523914538                     10
                  57800     0.2975600352649905      3.454085118567482                      2                    0.2    0.08335988200376816                     10
                  57900  2.990947592644301e-09      3.712311888924253                      2                    0.2    0.08367820324586824                     10
                  58000   0.001050985353697528       3.54178735556432                      2                    0.2    0.08265075830261454                     10
                  58100    0.02328000734300813      3.732122277233339                      2                    0.2    0.08338361919277587                     10
                  58200     0.5799907686824634      3.627723926040806                      2                    0.2    0.08146622024159716                     10
                  58300     0.6602386822074401      3.597633559783205                      2                    0.2    0.08140108852588888                     10
                  58400   0.004648365340504319      3.520764805740864                      2                    0.2    0.08191687629619093                     10
                  58500      3.905683422799007      3.681053082828148                      2                    0.2     0.1392471540913618                     10
                  58600      1.340192125402251      3.814642480956122                      2                    0.2    0.08935119084240166                     10
                  58700     0.9422283977354287      3.653751414466727                      2                    0.2    0.08244174160036487                     10
                  58800     0.2802382534001435      3.594377131373758                      2                    0.2    0.07991457806912311                     10
                  58900   0.002605150101802004      3.764162271314168                      2                    0.2    0.08250959131628285                     10
                  59000     0.0254910312116498      3.766104504647167                      2                    0.2    0.08216303624657012                     10
                  59100     0.5074749190024669      3.882013783216385                      2                    0.2    0.08386824871661608                     10
                  59200     0.9119170301415924      3.681477268113094                      2                    0.2    0.08138296868555502                     10
                  59300     0.4425463652626324      3.538841422390099                      2                    0.2    0.07944973225976965                     10
                  59400    0.07185066098430772      3.629824329614602                      2                    0.2    0.07932033455809259                     10
                  59500    0.06857791878210777      3.629890402493743                      2                    0.2    0.07908119173377565                     10
                  59600     0.2514981426562103      3.813713540809983                      2                    0.2    0.08131221829451842                     10
                  59700      1.902881898887429      3.799209932124203                      2                    0.2    0.09534540154288124                     10
                  59800     0.4113113127651596      3.681308976685463                      2                    0.2    0.07816218866939349                     10
                  59900    0.03829492389466681       3.68741856152932                      2                    0.2    0.07881018328460071                     10
                  60000   0.005179106719403088      3.353698249781688                      2                    0.2    0.08409371819660069                     10
                  60100   0.004438225473482047      3.121155495078622                      2                    0.2    0.08506789067429343                     10
                  60200   0.004634794406365823      3.019065291148646                      2                    0.2    0.08330329648508508                     10
                  60300     0.7673705184551284      2.863588650544388                      2                    0.2    0.08402016155654336                     10
                  60400   0.001742626992745057      2.972899729799256                      2                    0.2      0.082511404815566                     10
                  60500     0.8822816151401797      3.078138391132732                      2                    0.2    0.08478526044641116                     10
                  60600     0.9242991492840453      3.142444036492604                      2                    0.2    0.08595351594665522                     10
                  60700    0.00388531408158223      2.930377811140513                      2                    0.2    0.08194381871570125                     10
                  60800    0.05950375039239936      3.120646359249429                      2                    0.2    0.08327353732628338                     10
                  60900     0.1758572236857915      3.074530473099877                      2                    0.2    0.08183167319423144                     10
                  61000    0.01408674003591546      2.839492486591668                      2                    0.2    0.08279937379147433                     10
                  61100     0.7151555115547498      2.827773367581548                      2                    0.2    0.08303339992207719                     10
                  61200     0.3579407244475669      2.761498757132708                      2                    0.2    0.08372127709045574                     10
                  61300     0.1756266909553444      2.789711079624018                      2                    0.2    0.08278694525072078                     10
                  61400    0.05382940290431927      2.695027023130061                      2                    0.2    0.08582054650595998                     10
                  61500     0.7142972788830078      2.657849260144765                      2                    0.2    0.08705526145152516                     10
                  61600     0.2146351066089233      2.594705669138149                      2                    0.2    0.08810690400950154                     10
                  61700       1.75105157558339      2.753279766585983                      2                    0.2    0.09547737983016437                     10
                  61800      2.494341458312169       2.70855772368987                      2                    0.2     0.1110389503999368                     10
                  61900   0.002197780758836689      2.703390070544355                      2                    0.2    0.08455379209563868                     10
                  62000      1.185472865314945      2.776210362363676                      2                    0.2     0.0859324011761461                     10
                  62100     0.3900660182513949      2.748017962632327                      2                    0.2    0.08185093414567157                     10
                  62200   0.006572694581877503       2.90208510434177                      2                    0.2    0.07947566655604171                     10
                  62300     0.1908996638479879      2.794714464673349                      2                    0.2    0.08031555247977826                     10
                  62400    0.06640487186895142      2.826525623039023                      2                    0.2    0.07973405938604249                     10
                  62500       1.00224673489587      2.867731026252191                      2                    0.2    0.08114087707474817                     10
                  62600     0.2574785439453451      2.967326762199471                      2                    0.2      0.077957121687071                     10
                  62700     0.1509637706033641      3.108659438610092                      2                    0.2    0.08095759905000637                     10
                  62800      1.008263149012022      3.131500095711756                      2                    0.2    0.08418309627118489                     10
                  62900      2.237400330023934      3.057774567330338                      2                    0.2     0.1018593457724526                     10
                  63000    0.01464899784711049      2.996766359797212                      2                    0.2    0.07822673248644876                     10
                  63100     0.4490504871173633      3.083369184573547                      2                    0.2    0.07918193900325382                     10
                  63200     0.7976504895481669      3.026920295150068                      2                    0.2    0.07889601519630299                     10
                  63300     0.2361214386855046      3.057926519579283                      2                    0.2    0.07804593041720551                     10
                  63400    0.01275824050003241      3.204855793370131                      2                    0.2    0.08218358361592185                     10
                  63500      1.823985697138981      3.423559472128096                      2                    0.2    0.09406350004684827                     10
                  63600   0.003634049788239115      3.272157587175139                      2                    0.2    0.08248962386174809                     10
                  63700    0.07115857812969761      3.471554341731224                      2                    0.2    0.07903360307939639                     10
                  63800     0.1175730440399974      3.670437046227555                      2                    0.2    0.07764176034910449                     10
                  63900   0.007129962347229778      3.718011567071636                      2                    0.2    0.07861822729788277                     10
                  64000      0.216117663591987      3.943280960056478                      2                    0.2    0.08362898418890911                     10
                  64100      1.000032200134738      4.141731553828174                      2                    0.2    0.08694682831022195                     10
                  64200     0.8213316255166967        4.2315670230035                      2                    0.2    0.08366556738968969                     10
                  64300      2.387621075699398      4.210709162226388                      2                    0.2     0.1065707072835409                     10
                  64400   0.001090484705484797      4.079647914665635                      2                    0.2    0.08502186381439038                     10
                  64500    0.04125120009909099      4.209724251314396                      2                    0.2    0.08272014416193833                     10
                  64600     0.8578716069464409      4.030058802242518                      2                    0.2    0.08530931828922904                     10
                  64700  6.574092337230279e-05       3.90847069117768                      2                    0.2    0.08241203310233493                     10
                  64800     0.5023660908526394      3.681273429923596                      2                    0.2    0.07654073483823962                     10
                  64900  0.0004547351147772447      3.873336109576382                      2                    0.2    0.08115090378581344                     10
                  65000         1.172740486198      4.039042732433114                      2                    0.2    0.08725733269479592                     10
                  65100      1.871889783452854      3.994118897402666                      2                    0.2    0.09635169132628971                     10
                  65200    0.09123854115911732      3.890948094659439                      2                    0.2    0.08056248140080653                     10
                  65300      1.074800680538538      3.986589420221385                      2                    0.2     0.0849747008116126                     10
                  65400      3.222548356592441      4.131065038875379                      2                    0.2     0.1236734209219664                     10
                  65500   2.88323115409989e-05      4.328124004708462                      2                    0.2    0.08045037263662748                     10
                  65600    0.01798530665343513      4.595770833518859                      2                    0.2    0.08203604605073643                     10
                  65700      2.840868443161527      4.466342435156704                      2                    0.2     0.1152484670803643                     10
                  65800     0.1330331655587228      4.160798364197698                      2                    0.2    0.08153684950918916                     10
                  65900     0.3074264947562342      4.210911614585838                      2                    0.2    0.08016883527492807                     10
                  66000    0.09224220494086617      4.147741547902434                      2                    0.2     0.0813303630987379                     10
                  66100    0.03558875599104552      4.187409459952947                      2                    0.2    0.08076637779634205                     10
                  66200      1.696447880912026      4.249098692620365                      2                    0.2    0.08988784661430679                     10
                  66300     0.3000214090150017      4.150620874493217                      2                    0.2    0.08006631626954498                     10
                  66400      0.365762647560136      4.330179514540589                      2                    0.2    0.07783709035438577                     10
                  66500     0.5127622375317479       4.33643304641158                      2                    0.2     0.0776944620172559                     10
                  66600      0.166621542373598      4.332679201858969                      2                    0.2    0.07767369557634729                     10
                  66700    0.04087292154390795      4.325994573186934                      2                    0.2    0.07792255749942699                     10
                  66800    0.01424254108463317      4.333527853559549                      2                    0.2    0.07779656400125826                     10
                  66900     0.1236476435967477      4.435517730474508                      2                    0.2    0.07781236456967836                     10
                  67000    0.02826076688066933      4.429340034926305                      2                    0.2    0.07787619975965175                     10
                  67100    0.03606916711988159      4.350436825672888                      2                    0.2    0.07701254887537033                     10
                  67200      1.500660757511693      4.178025781313572                      2                    0.2    0.08621094406127033                     10
                  67300  0.0006300148280870871      4.176446525644463                      2                    0.2    0.07886986357025018                     10
                  67400      0.560354848259131      4.189774594880827                      2                    0.2    0.07758973489319829                     10
                  67500   0.002154447592997615      4.359884018103266                      2                    0.2    0.07650549633454444                     10
                  67600      2.953204222002265      4.105044760006402                      2                    0.2     0.1150929922951099                     10
                  67700      1.763720612396909      4.007902316481948                      2                    0.2    0.09124777241486898                     10
                  67800   0.001111910467304299      3.927710756663778                      2                    0.2    0.07969088737723856                     10
                  67900      0.485442277865366      3.982724614417037                      2                    0.2    0.07890347434998847                     10
                  68000     0.2634308841549413      3.906063336257629                      2                    0.2    0.07806662180125679                     10
                  68100    0.01202841332798312      4.115782894699596                      2                    0.2    0.07854174000800429                     10
                  68200    0.07107255131662621      4.090933797430154                      2                    0.2    0.07834948153037251                     10
                  68300     0.5021213386039304      4.092839001258339                      2                    0.2    0.07749625154305639                     10
                  68400   0.008244747529461792      4.298229538537875                      2                    0.2    0.07558803165409797                     10
                  68500  0.0005896013936687356      4.281640359251645                      2                    0.2     0.0754695046922014                     10
                  68600      0.181814627052553      4.275654285545608                      2                    0.2    0.07455046296517004                     10
                  68700    0.03082274585547302      4.411721042447622                      2                    0.2    0.07571902543054818                     10
                  68800    0.01725906082247376       4.11935518054616                      2                    0.2    0.07715697158781043                     10
                  68900     0.2732098670600506      4.093226748713789                      2                    0.2    0.07651300948908825                     10
                  69000     0.3945463795631731      4.049728901121309                      2                    0.2    0.07673874038135449                     10
                  69100    0.03725269404123384      3.966935817224039                      2                    0.2    0.07769200170719584                     10
                  69200     0.3630627673076793       3.94473617965204                      2                    0.2    0.07662377886915187                     10
                  69300    0.01983662468595189       4.08968853985829                      2                    0.2    0.07652785885741759                     10
                  69400     0.6995245049221623      4.244380400410421                      2                    0.2    0.07403789488989806                     10
                  69500    0.02480305633261743      4.210751645070633                      2                    0.2    0.07434490432889668                     10
                  69600     0.2202671145887488        4.3134867152109                      2                    0.2    0.07294678885686413                     10
                  69700     0.1007899725401466       4.40304490240422                      2                    0.2     0.0742452939716578                     10
                  69800   0.005169220035355175      4.376051862778541                      2                    0.2    0.07395348279549603                     10
                  69900     0.3578247800962582      4.451371308044056                      2                    0.2    0.07447149242522161                     10
                  70000     0.9195162888121554      4.471907015835919                      2                    0.2    0.07697026306464341                     10
                  70100    0.01934621851053401      4.547886989752511                      2                    0.2    0.07763046309782794                     10
                  70200     0.3082601394848459      4.408178929947107                      2                    0.2    0.07284332736242607                     10
                  70300   0.007419414273296961      4.673334614488883                      2                    0.2     0.0806017180912913                     10
                  70400     0.5633716429389256      4.686894493588659                      2                    0.2    0.08015420626146785                     10
                  70500     0.2443846233801766       4.50664286267315                      2                    0.2    0.07494143268840975                     10
                  70600  5.560315600861137e-05       4.52577016965556                      2                    0.2    0.07605766743903344                     10
                  70700     0.2306748345814918      4.691555021497985                      2                    0.2    0.07945259429413841                     10
                  70800     0.1627771168723478      4.782174810824543                      2                    0.2    0.08141479727659975                     10
                  70900     0.2008636036909708      4.665353672336582                      2                    0.2    0.07841704512376541                     10
                  71000      2.107385215761906      4.662082374042916                      2                    0.2    0.09822500640278296                     10
                  71100    0.08797165417975165      4.946348946218155                      2                    0.2    0.08577312531205925                     10
                  71200      2.663809330503466      4.954068810975096                      2                    0.2     0.1162867635403719                     10
                  71300     0.1443141065227988      5.129330024348308                      2                    0.2    0.09062285276268325                     10
                  71400    0.05112810901444024      5.193405809022694                      2                    0.2    0.09168180312261311                     10
                  71500      1.316247607906452      5.417331023233837                      2                    0.2    0.09758629352730326                     10
                  71600     0.3126129189776998      5.384396457115864                      2                    0.2    0.09094288359226722                     10
                  71700    0.09573180097135464       5.40096788809041                      2                    0.2    0.09085978042221073                     10
                  71800    0.01000223073580252      5.565285425195034                      2                    0.2    0.09033721188383111                     10
                  71900   0.008515782554313492      5.589488980787653                      2                    0.2    0.08992677191342774                     10
                  72000   0.008132805523318352      5.662098754662168                      2                    0.2    0.08919224001077132                     10
                  72100  0.0009216662219302205      5.514209311026097                      2                    0.2    0.08963994445766622                     10
                  72200    0.02512499076941689       5.72069451662354                      2                    0.2    0.08816255575857819                     10
                  72300      0.909353727691982      5.634946676104093                      2                    0.2    0.09056473848915594                     10
                  72400   0.006907803001448033      5.477799845377692                      2                    0.2    0.08909749096253834                     10
                  72500     0.4633800619602619      5.598205509256433                      2                    0.2    0.08780585084262792                     10
                  72600     0.9033027631749437      5.660905942519394                      2                    0.2    0.08957510799926093                     10
                  72700    0.02262724254092533      5.789460542846687                      2                    0.2    0.08685981490769605                     10
                  72800      3.718875204629088        6.0075564918429                      2                    0.2     0.1461453312126492                     10
                  72900       2.70488871004351      5.968961625019711                      2                    0.2     0.1243488151983498                     10
                  73000     0.2268560132843495       6.00317709592526                      2                    0.2    0.09569910366826094                     10
                  73100   0.006351724867657674      6.093336944800834                      2                    0.2     0.1080746989229174                     10
                  73200   0.006236752442405908      6.078699215491595                      2                    0.2     0.1052902417665572                     10
                  73300    0.01459497205494873      6.064769319472516                      2                    0.2     0.1027367588729473                     10
                  73400     0.6532212080513495      6.072274964941812                      2                    0.2     0.1037841028802389                     10
                  73500     0.9571289960860525       5.93723651953974                      2                    0.2    0.09159798972670223                     10
                  73600     0.1915737916244107      5.991584329207713                      2                    0.2    0.09244361700833167                     10
                  73700     0.3669810537893955      6.054886223678205                      2                    0.2    0.09945624304244699                     10
                  73800      3.127773487802554      6.054098652018302                      2                    0.2     0.1358398890787576                     10
                  73900    0.02445042643837007       6.08819878822794                      2                    0.2     0.1042305601707837                     10
                  74000     0.3245130576710222      6.049834771218164                      2                    0.2    0.09774081895385252                     10
                  74100     0.2056193887386769      6.035669274736405                      2                    0.2    0.09559426950020548                     10
                  74200     0.8267255003273259      6.108397001116506                      2                    0.2     0.1074149076002798                     10
                  74300    0.06380711388627797      6.032814687834771                      2                    0.2    0.09481531940098883                     10
                  74400   0.001306777964175628      5.944968781780199                      2                    0.2    0.08711121942610625                     10
                  74500    0.02711754269187421      5.854704089677023                      2                    0.2    0.08404140940708379                     10
                  74600       1.38095957512769      5.908443973876883                      2                    0.2    0.09222855751971766                     10
                  74700  1.932702651946071e-05      5.856135850729791                      2                    0.2    0.08363281588290443                     10
                  74800     0.2562516802641749      5.877902415752493                      2                    0.2    0.08305364359983572                     10
                  74900    0.03547049382955648      5.968446039614763                      2                    0.2     0.0871360843006784                     10
                  75000  0.0003101230787764355      6.136722079868765                      2                    0.2     0.1094804107330551                     10
                  75100     0.1325233312788319      6.061234814122905                      2                    0.2    0.09613542928531654                     10
                  75200    0.01022120310039906        5.9499008991894                      2                    0.2    0.08518255841618153                     10
                  75300    0.04622678576049266      6.047575773601199                      2                    0.2    0.09385318705184845                     10
                  75400  0.0004400032997259102      6.199516416143439                      2                    0.2     0.1204764774674309                     10
                  75500     0.2144063381131373      6.037913743592977                      2                    0.2    0.09160188486192572                     10
                  75600     0.2890983445888078      6.162288955079077                      2                    0.2     0.1115933157228685                     10
                  75700     0.1231700944244284      5.900847790982917                      2                    0.2    0.08176556841957307                     10
                  75800    0.01757878185349019      5.625752318134991                      2                    0.2    0.08561918396904607                     10
                  75900     0.1175873938701478      5.584854740381317                      2                    0.2    0.08572120515509922                     10
                  76000    0.05331181009103045      5.521390594535371                      2                    0.2    0.08657432997855653                     10
                  76100   0.008385684888351551       5.56382413062331                      2                    0.2    0.08581013552926144                     10
                  76200     0.2967589528582498      5.360243278538681                      2                    0.2    0.08819524465091372                     10
                  76300      1.341353635221741       5.54179316510986                      2                    0.2    0.09230611964120239                     10
                  76400     0.1193205902586635      5.514991213639616                      2                    0.2    0.08539962996052824                     10
                  76500      1.033978176642937      5.566028272354936                      2                    0.2    0.08782784511139652                     10
                  76600     0.2992204655696293      5.446200293593986                      2                    0.2    0.08569425023263626                     10
                  76700     0.7987493617898377      5.476051909384861                      2                    0.2    0.08652790841080561                     10
                  76800     0.2284312457439445      5.528737269666379                      2                    0.2    0.08391245803148473                     10
                  76900     0.9195060673146909       5.76441987125957                      2                    0.2    0.08327969964705562                     10
                  77000     0.5596979788250517      5.746199431843168                      2                    0.2    0.08102417202931712                     10
                  77100      1.739087872027172        5.7729512808057                      2                    0.2    0.09384214832228237                     10
                  77200     0.7796920392917922      5.770537804329802                      2                    0.2    0.08131456455969824                     10
                  77300     0.4250943453407324      5.788683792652947                      2                    0.2    0.07935879470360396                     10
                  77400      1.562363512303966      5.743877220639524                      2                    0.2    0.09025904529722099                     10
                  77500     0.1342078703759071      5.836927283931706                      2                    0.2    0.07876984723337251                     10
                  77600     0.2570136532495718      6.058639698116838                      2                    0.2    0.09244760510136223                     10
                  77700     0.5638942839726987      6.030802014068275                      2                    0.2    0.08893115017974251                     10
                  77800      2.247345534344364      5.914912821822693                      2                    0.2     0.1034602037960267                     10
                  77900    0.01954857521414861      5.861700682966728                      2                    0.2    0.07851313519548553                     10
                  78000     0.6410080759567498      5.928063873767849                      2                    0.2    0.08022623208665243                     10
                  78100     0.1330683722849774      5.987538311022368                      2                    0.2    0.08325334495511449                     10
                  78200  0.0003731792663993575      5.927324931736226                      2                    0.2    0.07956186219131313                     10
                  78300    0.03104649992021572      6.102256488932511                      2                    0.2     0.0980114537130066                     10
                  78400   4.67581004564776e-05      6.148396696699969                      2                    0.2     0.1063141919506754                     10
                  78500      0.529719561834468      6.069457270189631                      2                    0.2    0.09185920978847928                     10
                  78600      2.785184464343399      6.196898067112272                      2                    0.2     0.1390252979692257                     10
                  78700    0.09643811215348541      6.034049423005762                      2                    0.2    0.08658580812312876                     10
                  78800  3.450721713433695e-05      6.210021949300124                      2                    0.2     0.1178102834286232                     10
                  78900     0.8141818365798453      6.052621473736169                      2                    0.2    0.08969981518204903                     10
                  79000     0.3585698506187787      5.887703007380154                      2                    0.2    0.07635421656528653                     10
                  79100    0.01199944722428724      5.814175479023564                      2                    0.2    0.07677047054002409                     10
                  79200     0.7418702149741557      5.997876910094925                      2                    0.2    0.08260939639293599                     10
                  79300   0.003213095152258985      6.136263935963354                      2                    0.2     0.1013745028794895                     10
                  79400     0.2621251285075274       6.13230431394231                      2                    0.2    0.09965048925335515                     10
                  79500     0.4449142931980535      6.083084298592986                      2                    0.2     0.0909144420763167                     10
                  79600     0.1044903422261673      6.044742451111572                      2                    0.2    0.08545558359415949                     10
                  79700     0.7922144544897877      6.140497026028406                      2                    0.2      0.101497666532693                     10
                  79800     0.1154106616202234      6.103590579483267                      2                    0.2    0.09334454757952611                     10
                  79900    0.01279381906298738      6.064338938456954                      2                    0.2    0.08739151604504798                     10
                  80000    0.06394426812134661      6.192935855008939                      2                    0.2     0.1101338554600402                     10
                  80100     0.2405719340914007      6.187481982319362                      2                    0.2      0.108173747731419                     10
                  80200      0.164225233949402      6.134420210873762                      2                    0.2    0.09720649304033863                     10
                  80300  0.0001956051799674001      6.086641358711077                      2                    0.2     0.0893204851537016                     10
                  80400    0.01198114736552586       6.11437631228233                      2                    0.2     0.0933618616690767                     10
                  80500     0.5268373400193387      6.080093171799637                      2                    0.2    0.08742936935307802                     10
                  80600     0.4224870392461851      6.260901146915101                      2                    0.2     0.1224558952618079                     10
                  80700     0.2271938508315287      6.247638485519994                      2                    0.2     0.1189046136577285                     10
                  80800     0.8082543134110254      6.226368302133451                      2                    0.2     0.1148939380679254                     10
                  80900     0.2615230154184719      6.016893130355482                      2                    0.2    0.07883180186104842                     10
                  81000    0.02460256666776686      5.936442517589558                      2                    0.2    0.07461602008489425                     10
                  81100   0.002381331127852511      5.870316831535677                      2                    0.2    0.07384038172705319                     10
                  81200   0.008617963943469226      5.754691345850578                      2                    0.2    0.07632303911111911                     10
                  81300      0.591970964722387      5.601588589341668                      2                    0.2    0.08075448941232441                     10
#! FIELDS time cv_water_cyl cv_zdist sigma_cv_water_cyl sigma_cv_zdist height biasf
#! SET multivariate false
#! SET kerneltype stretched-gaussian
                  81000     0.3072881277684163      6.082760469533792                      2                    0.2    0.08560216087583561                     10
                  81100     0.2768849338113571      6.152115657197051                      2                    0.2    0.09690860437494986                     10
                  81200     0.2474883761487475       5.97098934765207                      2                    0.2    0.07442945161233035                     10
                  81300   0.001305033805148392      6.088421436336256                      2                    0.2    0.08620889269269873                     10
                  81400   0.003712247171083624      6.123715225246135                      2                    0.2     0.0914598943008386                     10
                  81500    0.00739364408095595      6.180947390256128                      2                    0.2     0.1019310468396834                     10
                  81600     0.3337446262094841      6.203974747957895                      2                    0.2      0.105849924414157                     10
                  81700    0.02178006805895017      6.014469025258556                      2                    0.2    0.07674673501145267                     10
                  81800   0.001341810983342013      6.151553648065747                      2                    0.2    0.09513038665957867                     10
                  81900    0.02039911679561619      6.135048796212194                      2                    0.2    0.09170779623852299                     10
#! FIELDS time cv_water_cyl cv_zdist sigma_cv_water_cyl sigma_cv_zdist height biasf
#! SET multivariate false
#! SET kerneltype stretched-gaussian
                  82000    0.00547115185627893      6.162169887224939                      2                    0.2    0.09641192143178282                     10
                  82100   0.006240090526544859      6.208662313346641                      2                    0.2     0.1055367032325185                     10
                  82200    0.08581881984207906      6.251858281303479                      2                    0.2     0.1143843147947111                     10
                  82300   0.005551951733097238      6.189076513052001                      2                    0.2      0.100536849548801                     10
                  82400      2.414154568733463      6.118756333192174                      2                    0.2      0.113277228230998                     10
                  82500     0.2152563822493479      6.180973845561409                      2                    0.2    0.09780740701679234                     10
                  82600    0.03322377924176306      6.152691610283419                      2                    0.2    0.09244571106022063                     10
                  82700    0.01082901116221703      6.056369423795672                      2                    0.2    0.07837175519427853                     10
                  82800    0.00664991211181295      6.238977097670212                      2                    0.2     0.1095410759505857                     10
                  82900    0.01021292091046887      6.292086359094766                      2                    0.2     0.1208857980903447                     10
                  83000     0.9684338883049729      6.218419218999259                      2                    0.2     0.1062856675868878                     10
                  83100     0.9466133803559915      6.055101720174079                      2                    0.2    0.07972151352271749                     10
                  83200      2.764213193741372      6.088469066072351                      2                    0.2     0.1159868039149022                     10
                  83300     0.4382527297456819      6.020459753734078                      2                    0.2     0.0735757102136249                     10
                  83400    0.09446252658517114      5.906918272353961                      2                    0.2    0.07007614657675222                     10
                  83500     0.6342019376098853      6.179040125255273                      2                    0.2    0.09514428550890996                     10
                  83600      3.325255999987436      6.112400151084906                      2                    0.2     0.1298407750975706                     10
                  83700  0.0007360432051527271      6.164661679797836                      2                    0.2    0.09190406170001462                     10
                  83800   0.002014483156673073      5.996836090688268                      2                    0.2    0.07181393157788786                     10
                  83900    0.08271023942782207        6.0438659159077                      2                    0.2    0.07453766727140494                     10
                  84000    0.05863179973594079      5.969207944357747                      2                    0.2    0.07005836369995244                     10
                  84100     0.1442870249550929      5.805946926717509                      2                    0.2    0.07162471696411057                     10
                  84200    0.01264829589406092      6.097944576484261                      2                    0.2    0.08024782506647599                     10
                  84300      1.330479937025817      6.101089707559924                      2                    0.2    0.08674672779961018                     10
                  84400    0.03630069080029849      6.007364206331713                      2                    0.2    0.07111531251483064                     10
                  84500      4.015279933619148      6.118024382926794                      2                    0.2     0.1424666226126686                     10
                  84600     0.9173783045230332      6.104301433713285                      2                    0.2     0.0821151840272111                     10
                  84700     0.1806267630402474      6.174974117402572                      2                    0.2    0.09130172417222322                     10
                  84800  0.0009945237359331425      5.879182560549836                      2                    0.2    0.06899754848452837                     10
                  84900     0.6449611685788069      5.825310692928545                      2                    0.2    0.07065030976014769                     10
                  85000      1.194005776748409      5.673141375144303                      2                    0.2    0.08185037609848145                     10
                  85100     0.9031347656480646      5.907036373791945                      2                    0.2    0.06988745246148304                     10
                  85200    0.08275623647380459      6.030372018116545                      2                    0.2    0.07135467190428248                     10
                  85300      1.719417999226599      6.050898416307213                      2                    0.2    0.08568528061841534                     10
                  85400     0.1094093742568215      5.889130177789152                      2                    0.2    0.06747695218783435                     10
                  85500    0.03143175691536125      5.621683609432756                      2                    0.2    0.07859041177971078                     10
                  85600    0.07839042400018903      5.590476976209088                      2                    0.2     0.0792855792221791                     10
                  85700     0.5528850975675603      5.621124979813743                      2                    0.2    0.07793135847812696                     10
                  85800     0.3209503839104063      5.757206163079752                      2                    0.2    0.07149215178732302                     10
                  85900    0.00220454925247097      5.738240930195282                      2                    0.2    0.07285190043822906                     10
                  86000      2.684225930541063      5.910745841432448                      2                    0.2     0.1025383410987735                     10
                  86100    0.06386280251825351       5.68166140587234                      2                    0.2    0.07486465342771129                     10
                  86200   0.001793269447681421      5.575538960015344                      2                    0.2    0.07904106517855668                     10
                  86300    0.03976774218237991      5.518656569030549                      2                    0.2    0.08057334227137883                     10
                  86400     0.6158898163674709      5.470075138648211                      2                    0.2    0.08202507869752582                     10
                  86500     0.2456955127170515      5.479052914504528                      2                    0.2    0.08087582323026767                     10
                  86600      2.067055494403808      5.552621812308381                      2                    0.2    0.09831103328550998                     10
                  86700    0.02086609710670023      5.609687678866775                      2                    0.2    0.07668258223893271                     10
                  86800      1.746522336127718      5.552587168490515                      2                    0.2     0.0913808833572801                     10
                  86900    0.03552965007295304      5.538501184022087                      2                    0.2     0.0785633948618725                     10
                  87000    0.05745258997907008      5.568697051719353                      2                    0.2    0.07724208722822276                     10
                  87100     0.1844429147000089      5.764031024041117                      2                    0.2    0.06955811103576104                     10
                  87200   0.003675551198169203        5.8208232514064                      2                    0.2    0.06788863119903113                     10
                  87300    0.02197223029666039      5.857511619373627                      2                    0.2    0.06661883087702387                     10
                  87400    0.06124901452096761      5.947014039048391                      2                    0.2    0.06602424859137253                     10
                  87500    0.02997293047737984       6.01940786490611                      2                    0.2    0.06922645797680976                     10
                  87600   0.001446716617419641      6.099506495837852                      2                    0.2     0.0774987663958063                     10
                  87700   0.002118857695195639      6.102758456274266                      2                    0.2    0.07770417302706677                     10
                  87800    0.02519692026814343      6.072547182595313                      2                    0.2    0.07353313292258164                     10
                  87900     0.5881434311011869      6.152668887827067                      2                    0.2     0.0849693389861025                     10
                  88000     0.9441621253716577      6.196045158474659                      2                    0.2    0.09505131448156803                     10
                  88100    0.03583549846413926      6.194963009984324                      2                    0.2    0.09270611933728246                     10
                  88200    0.02075293308518948      6.124692013555192                      2                    0.2     0.0796095677671054                     10
                  88300   0.006034908832609685      6.151688401487231                      2                    0.2    0.08388616271724006                     10
                  88400    0.01065360243328144      6.017380395756835                      2                    0.2    0.06750634893924283                     10
                  88500    0.01313554318064007      6.007614277963173                      2                    0.2    0.06672524806360973                     10
                  88600      0.102126526335237      6.092587995352689                      2                    0.2    0.07392153106618429                     10
                  88700      0.865006833648203      5.818382282248169                      2                    0.2    0.06803343495199987                     10
                  88800      0.181453267379392      5.767692057538831                      2                    0.2     0.0679359644343504                     10
                  88900    0.06361594980173786      5.874520543283984                      2                    0.2    0.06422989918220974                     10
                  89000    0.01201077271738434      6.158914456447061                      2                    0.2    0.08411679272138742                     10
                  89100     0.0297746308217954      5.820006244385596                      2                    0.2    0.06580877453018703                     10
                  89200   0.008722473098046702      5.786052420298294                      2                    0.2    0.06711898558650001                     10
                  89300    0.04810049296780954      5.735151625845198                      2                    0.2    0.06907597209965102                     10
                  89400    0.01513692068919773      5.757211643731264                      2                    0.2    0.06801060752460612                     10
                  89500     0.6340353545387513      5.534544008166581                      2                    0.2    0.07733167716847221                     10
                  89600      0.439663312136863      5.557126745241613                      2                    0.2    0.07562838178737806                     10
                  89700    0.01054162971577036      5.487196293433547                      2                    0.2    0.07876303232691709                     10
                  89800  0.0001432844208514947      5.315547939512577                      2                    0.2     0.0855748124710321                     10
                  89900  6.619944245925559e-05      5.268711978082246                      2                    0.2    0.08681241623330477                     10
                  90000    0.03968674924942066      5.336615424456292                      2                    0.2    0.08405031640165661                     10
                  90100      1.354308503711715      5.100834802636424                      2                    0.2    0.09383325204346876                     10
                  90200     0.4268173660990413      5.193383917923262                      2                    0.2    0.08690455660930874                     10
                  90300  0.0005596048095460856      5.025087638245743                      2                    0.2    0.08639843040155203                     10
                  90400     0.8456420433131894      4.915207484156907                      2                    0.2      0.084239833524033                     10
                  90500     0.9622728814501891      4.992119937260986                      2                    0.2    0.08662529125543937                     10
                  90600     0.7925595248330296      4.918600187116223                      2                    0.2    0.08344078058975091                     10
                  90700     0.2489429956422015      5.045515893406304                      2                    0.2    0.08497092624889782                     10
                  90800     0.4913521859067947      5.176403685163619                      2                    0.2    0.08597116334159129                     10
                  90900   0.004171048600299296      5.198316474420038                      2                    0.2    0.08615687749912454                     10
                  91000   0.008983840945806496      5.159571570087346                      2                    0.2    0.08603713642125249                     10
                  91100     0.9941908470453978      5.213272941068295                      2                    0.2    0.08760799384421919                     10
                  91200  0.0003380517183371076      5.166042098707496                      2                    0.2    0.08550761737899518                     10
                  91300  3.480477208325408e-05      5.283192739495497                      2                    0.2    0.08365104172630977                     10
                  91400    0.05013302990222109      5.184674135905814                      2                    0.2    0.08466272249135384                     10
                  91500   0.003589492623610882      5.206417368076451                      2                    0.2     0.0843827470198526                     10
                  91600     0.3230184709776789      5.389407353692736                      2                    0.2    0.07932347368531925                     10
                  91700   0.001721648744999102      5.382441911123452                      2                    0.2    0.07998645726453112                     10
                  91800   0.002778218878091615      5.566759648234875                      2                    0.2    0.07432533526128225                     10
                  91900    0.02752212510674584      5.559693503485725                      2                    0.2     0.0742067289511443                     10
                  92000      0.040828323308911      5.465769905770294                      2                    0.2    0.07669928483761647                     10
                  92100     0.8095268118357742      5.515124072595778                      2                    0.2    0.07619865443618065                     10
                  92200      1.296177634795181       5.45289506912223                      2                    0.2    0.08277333103320866                     10
                  92300     0.1422527687849646      5.413254385541917                      2                    0.2      0.077332547642782                     10
                  92400   0.007076245671155968      5.428643193439122                      2                    0.2    0.07708157172862412                     10
                  92500   0.004975123680604207      5.576819193239571                      2                    0.2    0.07267952372912372                     10
                  92600     0.3717047150626513      5.821132816067486                      2                    0.2    0.06382832108760057                     10
                  92700     0.1170855457684589      5.886657683716919                      2                    0.2    0.06244522743742014                     10
                  92800     0.1365352699618585      5.942966402786679                      2                    0.2    0.06232849389450801                     10
                  92900    0.01324642924100614      5.804692159008091                      2                    0.2     0.0645162558513874                     10
                  93000  9.670434206359997e-05      5.872956906141971                      2                    0.2    0.06260176809041176                     10
                  93100    0.01173119385299087      5.779314035786564                      2                    0.2    0.06510464478893226                     10
                  93200     0.9994523643788855      5.705742547494509                      2                    0.2    0.07047470715448098                     10
                  93300    0.01378146773252246       5.57264778124846                      2                    0.2    0.07195970551606368                     10
                  93400    0.03454419896086725      5.710285312237433                      2                    0.2    0.06712309627338632                     10
                  93500     0.1737114986026909      5.666726339861198                      2                    0.2    0.06807483008024066                     10
                  93600    0.07504205929244405      5.893917845929046                      2                    0.2    0.06140582184303706                     10
                  93700    0.03848891208923463      5.901598612326211                      2                    0.2    0.06135389124952571                     10
                  93800     0.1305129634962081      5.926295763757505                      2                    0.2    0.06099900813806288                     10
                  93900      0.307675789939023      5.935886482556757                      2                    0.2    0.06074629337515996                     10
                  94000  0.0005685477266853754      6.009681610116168                      2                    0.2    0.06413058156351739                     10
                  94100     0.1913219020683144      6.089797921401466                      2                    0.2    0.07111788595088207                     10
                  94200   0.002632495318777844      6.189267356846083                      2                    0.2    0.08851582954025823                     10
                  94300   0.002100254073405128      5.800563551955872                      2                    0.2     0.0629612261324788                     10
                  94400     0.4492738738815013      5.927127693997463                      2                    0.2    0.06015787907209739                     10
                  94500     0.1622448334445324      5.927739575739263                      2                    0.2    0.06001461599003978                     10
                  94600    0.03236331820121401      5.876487694678358                      2                    0.2     0.0604212355471675                     10
                  94700      2.079395900241799      5.917333552192774                      2                    0.2    0.08147968518941505                     10
                  94800     0.5566843222502396      5.637692709587068                      2                    0.2    0.06846157163101178                     10
                  94900     0.5598967863399458       5.66626941628803                      2                    0.2     0.0672177115732228                     10
                  95000    0.09600682698829016      5.652915076609023                      2                    0.2    0.06744524254893391                     10
                  95100     0.7695497425648652      5.557734522201251                      2                    0.2    0.07179211221297588                     10
                  95200     0.1386599565299057       5.54796571119619                      2                    0.2    0.07069681919628495                     10
                  95300     0.3187444981495964       5.47101279691411                      2                    0.2    0.07301946352511214                     10
                  95400      1.893841391329317       5.49412389609547                      2                    0.2    0.08906911160060754                     10
                  95500     0.1570584237281543      5.323119111264281                      2                    0.2    0.07857952177140395                     10
                  95600     0.3897853414045813      5.430783397789329                      2                    0.2    0.07397863589134866                     10
                  95700      1.183182377473163      5.404190293188437                      2                    0.2    0.07997018905822484                     10
                  95800      3.864923500307917      5.523388272055941                      2                    0.2     0.1364375190238471                     10
                  95900  0.0004318349240483658      5.357066379741463                      2                    0.2    0.07711269570051245                     10
                  96000    0.07664932428534456      5.219394221809095                      2                    0.2    0.08129326719223476                     10
                  96100       1.44522661938701       5.22790239964581                      2                    0.2    0.08876082616870645                     10
                  96200      2.340381095320884      4.965776958792382                      2                    0.2     0.1054812347536297                     10
                  96300     0.5217288798957452      4.947300042867607                      2                    0.2    0.08088644219889461                     10
                  96400     0.4214381569312343      5.297088804695322                      2                    0.2    0.07789193791738906                     10
                  96500      1.052366256477542      5.138890832998067                      2                    0.2    0.08456631851155083                     10
                  96600     0.6885691583150186      5.168909172958726                      2                    0.2    0.08140791042927648                     10
                  96700      2.948874598693382      5.155351159395895                      2                    0.2     0.1196497514877251                     10
                  96800       1.63777809131829      5.183584753742956                      2                    0.2    0.09087655825061053                     10
                  96900     0.4139824969380181      5.024380193904683                      2                    0.2    0.08048272472147784                     10
                  97000  1.418722257481964e-05      5.234352366933175                      2                    0.2      0.079411242041604                     10
                  97100      2.246632646580933      5.182066657640357                      2                    0.2     0.1019631749403629                     10
                  97200   0.007876087781825161      5.007033740520406                      2                    0.2    0.08086380230659078                     10
                  97300   0.006731556501251297      4.875481920401326                      2                    0.2    0.07971123321640147                     10
                  97400     0.5037775984509065      5.102630596478701                      2                    0.2    0.07965992095909141                     10
                  97500    0.07262635348039603      5.103802132509461                      2                    0.2    0.07996074883062236                     10
                  97600     0.1360492301823997       4.95895610618598                      2                    0.2    0.07913664991920143                     10
                  97700      1.904727426206516      4.937402896077534                      2                    0.2    0.09345434412203418                     10
                  97800    0.02312399073907862      5.043761163835246                      2                    0.2    0.07957574730189247                     10
                  97900    0.06860969230814726      5.213761399410407                      2                    0.2    0.07814159385598046                     10
                  98000   0.006606351689987171      5.198501178441239                      2                    0.2    0.07841649753453894                     10
                  98100     0.1165615111624122      5.265223419321909                      2                    0.2     0.0764793899669477                     10
                  98200     0.3968545237239816      5.211432813812248                      2                    0.2    0.07686968515301168                     10
                  98300      0.154849928210457      5.282572176624331                      2                    0.2    0.07551530927229026                     10
                  98400      1.126982609070849      5.066469735039695                      2                    0.2     0.0813903757040054                     10
                  98500     0.3585461813990044      5.068069801895659                      2                    0.2    0.07737343904965914                     10
                  98600    0.03763607686677706      4.999662508514108                      2                    0.2    0.07802293159065581                     10
                  98700    0.05214046857181618      4.849184271344424                      2                    0.2    0.07762608844048223                     10
                  98800    0.04975326161965145      4.988812185861475                      2                    0.2    0.07752343128884191                     10
                  98900     0.1318805856306826      4.949849315051724                      2                    0.2    0.07689761395775023                     10
                  99000    0.07315226281811962       4.77040774318016                      2                    0.2     0.0769365613261965                     10
                  99100     0.1181502372019013      4.851646234998078                      2                    0.2    0.07649014675138641                     10
                  99200      1.240793923985497      4.796633097984225                      2                    0.2    0.08104493553241199                     10
                  99300   0.001309219207147697      4.922535720551348                      2                    0.2    0.07665314380807166                     10
                  99400      3.238352845072971      4.782647358885431                      2                    0.2     0.1225410992658634                     10
                  99500      0.512872635279314      4.762692330987429                      2                    0.2    0.07547823087383362                     10
                  99600     0.4131039002354022      4.816028263560138                      2                    0.2    0.07504510999952618                     10
                  99700    0.01222569689229313      5.205347696004019                      2                    0.2    0.07632075262133027                     10
                  99800      1.483171901298756       4.98806003583802                      2                    0.2    0.08321876366613337                     10
                  99900  2.512247311126843e-05      5.058044761701924                      2                    0.2    0.07628669631126583                     10
                 100000    0.02573620710258531      4.938526973212236                      2                    0.2    0.07543212883077913                     10
                 100100   0.001306577030575098      4.962099207666203                      2                    0.2    0.07540669219072618                     10
                 100200      0.062639564402949      4.821464208011408                      2                    0.2    0.07487251787565766                     10
                 100300     0.2373380087102153       4.91029742672699                      2                    0.2    0.07395469644386142                     10
                 100400      1.266238879327113      4.711377933051894                      2                    0.2    0.07981821277192999                     10
                 100500     0.2513143476256136      4.840223054047032                      2                    0.2    0.07360950769656364                     10
                 100600      3.105075020221388       5.03513572727309                      2                    0.2      0.117608126829002                     10
                 100700    0.01187014335178476      4.879293721084132                      2                    0.2     0.0741281167439823                     10
                 100800    0.01161913420350743      4.584910654853925                      2                    0.2    0.07442852410420471                     10
                 100900     0.8964872001458493      4.699961499593821                      2                    0.2     0.0754740506018458                     10
                 101000   0.001080149759814199      4.694198648726449                      2                    0.2     0.0743229139111363                     10
                 101100    0.02063072623964014      4.650054056564905                      2                    0.2    0.07404713787348591                     10
                 101200     0.9251808891700155      4.811245381337605                      2                    0.2    0.07449759243834266                     10
                 101300     0.1251738510455415      4.907361733719018                      2                    0.2    0.07283626258003109                     10
                 101400      0.173690874620875      4.927430789179336                      2                    0.2    0.07256704781901348                     10
                 101500     0.1774377746384608      5.020898600181045                      2                    0.2     0.0732185184767119                     10
                 101600      3.118162360149075      5.149177889700246                      2                    0.2      0.118217858075301                     10
                 101700    0.00603102135010646      5.158359527146315                      2                    0.2    0.07485347169230652                     10
                 101800    0.02353528250711421      5.074650157381065                      2                    0.2    0.07392790677230981                     10
                 101900     0.9066114917203201        5.2843491417125                      2                    0.2      0.075237082402587                     10
                 102000      2.227313399205814      5.299258132422358                      2                    0.2    0.09586479942728539                     10
                 102100     0.2180464851235157      5.234641655921887                      2                    0.2    0.07326486610776727                     10
                 102200   0.002617784026414569      5.263975947883267                      2                    0.2    0.07361960323888878                     10
                 102300     0.0262319875728865      5.237519160985828                      2                    0.2    0.07348422463187082                     10
                 102400     0.6507411179126945      5.336862388584359                      2                    0.2    0.07208519552849307                     10
                 102500     0.1819288504267782      5.457749145913988                      2                    0.2    0.06954341242855117                     10
                 102600      1.751867281392587      5.395547591589251                      2                    0.2    0.08377874225545144                     10
                 102700    0.05548610483079448      5.488432231779564                      2                    0.2    0.06908727042849408                     10
                 102800     0.1120737303611914      5.432165449592755                      2                    0.2    0.06962283882016605                     10
                 102900     0.2594093893688011      5.551830494333243                      2                    0.2    0.06712341652234653                     10
                 103000     0.5189286547606105      5.392442977145784                      2                    0.2    0.06975068600431067                     10
                 103100     0.9506665053132013      5.277407945756662                      2                    0.2    0.07356900049475061                     10
                 103200     0.0543037959260514      5.210968625360197                      2                    0.2     0.0723390193682529                     10
                 103300      0.939601616021275      5.240313162176596                      2                    0.2    0.07343622402756925                     10
                 103400  0.0001843922346005596      5.346428850068094                      2                    0.2    0.07053616394834844                     10
                 103500   0.002539295788898022      5.075016864246866                      2                    0.2    0.07237327626552016                     10
                 103600    0.09113471278819681      5.245187554615471                      2                    0.2    0.07115273593556004                     10
                 103700     0.5121611879856818      5.117714170650085                      2                    0.2    0.07110946140528748                     10
                 103800     0.4760793207913891      5.251405758080685                      2                    0.2    0.07026034104850129                     10
                 103900     0.7753621374042797      5.115237088936363                      2                    0.2    0.07169298563635458                     10
                 104000     0.2451184037356697      5.073152898408885                      2                    0.2    0.07057828304764516                     10
                 104100     0.8398766479161468      5.107257469230321                      2                    0.2    0.07166544314176217                     10
                 104200    0.05228495768736326      5.021865312858825                      2                    0.2    0.07083658169885525                     10
                 104300     0.2726922938440716      4.838765606138429                      2                    0.2    0.07073007550075963                     10
                 104400    0.01559213305110641       4.73740384984017                      2                    0.2    0.07249828771975275                     10
                 104500      1.585084935864012      4.599911735402165                      2                    0.2     0.0825034469685017                     10
                 104600    0.03969085648149153       4.71582376636405                      2                    0.2    0.07223805641389174                     10
                 104700     0.1630126707625634      4.656084333808289                      2                    0.2    0.07200564164240392                     10
                 104800     0.2652555003334692      4.743130399854159                      2                    0.2    0.07085828351710127                     10
                 104900     0.2237256442013517      4.669718462776336                      2                    0.2    0.07137608858327038                     10
                 105000   0.009850498957747346      4.676701823534746                      2                    0.2     0.0718862476371479                     10
                 105100     0.4017882664419972      4.573933231565677                      2                    0.2    0.07112762525536316                     10
                 105200     0.1612295752090011      4.649540325553398                      2                    0.2    0.07105321134690369                     10
                 105300  3.460813184771912e-06      4.599114235648464                      2                    0.2    0.07165341678491462                     10
                 105400      2.224392869030917      4.596546705139961                      2                    0.2    0.09364060932586599                     10
                 105500   0.009774274359964025       4.57662016367901                      2                    0.2    0.07125906466851901                     10
                 105600      1.153202547038621      4.794922473377616                      2                    0.2     0.0732977241052131                     10
                 105700     0.2098324739497544      4.809559537569681                      2                    0.2    0.06908402155826894                     10
                 105800  0.0002268049732520718      4.903837747785811                      2                    0.2    0.06961262285878381                     10
                 105900    0.04617182550953708      4.921541071194165                      2                    0.2    0.06921510933110789                     10
                 106000     0.8084021483307042      4.936659942750653                      2                    0.2    0.06941999451906783                     10
                 106100    0.04345035103225179      5.042601830897617                      2                    0.2    0.06952619621392249                     10
                 106200   0.007954213904975142      4.983743750978485                      2                    0.2    0.06913098357652003                     10
                 106300    0.03056195781795353      4.981110197217449                      2                    0.2    0.06880356300508933                     10
                 106400    0.05803464930874531      5.099407158992944                      2                    0.2    0.06931566796952496                     10
                 106500    0.01793381716425621       5.34103042179574                      2                    0.2    0.06914197883557738                     10
                 106600   0.006559763917930053      5.177861668719276                      2                    0.2    0.06962350811086779                     10
                 106700     0.3435803557073355      5.240316266589714                      2                    0.2    0.06848455570319428                     10
                 106800     0.3213823614618169      5.241217007787187                      2                    0.2    0.06830503534783339                     10
                 106900     0.8394899607415204      5.082943898836705                      2                    0.2    0.06916902312714927                     10
                 107000   0.003201598784077282      5.196894843410536                      2                    0.2    0.06894934155295875                     10
                 107100   0.004250628741268025      5.261577202134706                      2                    0.2    0.06867771571595499                     10
                 107200   0.000930660547057752      5.157334553056128                      2                    0.2    0.06854335350545337                     10
                 107300     0.1902902113952568      5.262465342283333                      2                    0.2    0.06761607560107726                     10
                 107400    0.07933664010847438      5.246065510926439                      2                    0.2    0.06782496068947391                     10
                 107500   0.001904042967883043      5.385008711293976                      2                    0.2    0.06751005052955721                     10
                 107600   0.004677524819767915      5.370825129773891                      2                    0.2    0.06737770144931442                     10
                 107700   0.002409048923456046       5.38365780372979                      2                    0.2     0.0671477932166528                     10
                 107800     0.3662528673589033      5.478585968300244                      2                    0.2    0.06575898383240125                     10
                 107900    0.04087490464236201      5.485279575127191                      2                    0.2     0.0661950512417033                     10
                 108000    0.09969153611932523      5.196325223966793                      2                    0.2    0.06710944727023227                     10
                 108100   0.001524829615321062      4.996646840731328                      2                    0.2    0.06747951880284826                     10
                 108200  0.0003278381996235738      5.134276399568227                      2                    0.2     0.0673331078439484                     10
                 108300    0.04717499843884304      5.063494734181328                      2                    0.2    0.06689466849919341                     10
                 108400   0.001103024123555425      5.071902232540957                      2                    0.2    0.06695107016435356                     10
                 108500     0.2559944575231429      4.896128616535998                      2                    0.2    0.06636612931641839                     10
                 108600     0.3332036847917548       4.97607358270213                      2                    0.2    0.06567680802237545                     10
                 108700     0.2341742440023879       5.06566046003049                      2                    0.2    0.06562273088937345                     10
                 108800    0.07443738386479436      5.066497313278727                      2                    0.2    0.06595819717935081                     10
                 108900     0.3222189464249132      5.387064283997853                      2                    0.2    0.06535671713894756                     10
                 109000     0.3325709423088359       5.57768832085754                      2                    0.2    0.06470241306138406                     10
                 109100     0.2452551780185172      5.376420356079292                      2                    0.2    0.06516731728780414                     10
                 109200    0.02779704822262515      5.176276939789405                      2                    0.2    0.06597432420951965                     10
                 109300    0.09244631031330326      5.097036403832607                      2                    0.2    0.06546474046256813                     10
                 109400     0.7960529726496373       5.05086555120681                      2                    0.2    0.06596831798570561                     10
                 109500      0.136767922496226      4.991082792802972                      2                    0.2    0.06508974770771263                     10
                 109600      3.734684822337527      5.011322259735087                      2                    0.2      0.127626206814362                     10
                 109700     0.1143901609304128      4.953133231887129                      2                    0.2     0.0651448624804595                     10
                 109800      1.234797571191742      4.997812581539133                      2                    0.2      0.069304684317276                     10
                 109900    0.06779576739863251      4.935620290888702                      2                    0.2    0.06515660357904186                     10
                 110000      1.835126061620359      4.957075952750724                      2                    0.2    0.07856722468978913                     10
                 110100    0.05481064801427468      5.092007251589424                      2                    0.2    0.06457822486571339                     10
                 110200     0.5268280188459886      5.037321043500178                      2                    0.2    0.06369007952978417                     10
                 110300      2.119831302392505      5.003626818083067                      2                    0.2    0.08384854584963924                     10
                 110400     0.1843598958929699       5.19138122378455                      2                    0.2    0.06411267092582114                     10
                 110500      3.008128040008457      5.479938110130812                      2                    0.2     0.1098806866636398                     10
                 110600      2.219020294355507      5.244212240042582                      2                    0.2    0.08741396764652719                     10
                 110700      3.777653720907874      5.260390792352114                      2                    0.2     0.1286249937992666                     10
                 110800     0.9177060966208399      5.361213202997565                      2                    0.2    0.06626940099254539                     10
                 110900    0.02401840818691164      5.279841312576329                      2                    0.2    0.06451282368810481                     10
                 111000      1.064270218298855      5.252303341362179                      2                    0.2    0.06680627144844048                     10
                 111100     0.1716367522247301      5.336910817508267                      2                    0.2    0.06378445729170709                     10
                 111200      1.177918979281043      5.202480835208313                      2                    0.2     0.0674394432798887                     10
                 111300      2.044506427662817      5.113196366884125                      2                    0.2    0.08120146413183506                     10
                 111400      0.010497000582436      5.077110651343046                      2                    0.2    0.06347555658218713                     10
                 111500      1.011353297987666      5.152284463334853                      2                    0.2    0.06506296181472852                     10
                 111600  0.0004676589645187109      5.070113703860205                      2                    0.2    0.06324297551416223                     10
                 111700    0.01204169334092943      5.087620049114657                      2                    0.2    0.06299905665825037                     10
                 111800    0.02147495770909573      4.913693780704714                      2                    0.2    0.06416350652918967                     10
                 111900   0.002707793038697419      5.162710653340458                      2                    0.2    0.06293454995383956                     10
                 112000    0.03241791268811538      5.030983294460585                      2                    0.2    0.06261148546415625                     10
                 112100    0.01579258432456445      5.006047500813548                      2                    0.2    0.06269543641473134                     10
                 112200     0.1690234383231367      5.034339042584051                      2                    0.2    0.06170790301075166                     10
                 112300     0.3566281487329709      4.984827758435854                      2                    0.2    0.06154509525338486                     10
                 112400    0.01755316234942032      4.768039239971666                      2                    0.2    0.06667048172001758                     10
                 112500    0.09222717229454225      4.717665694519424                      2                    0.2    0.06736855264146822                     10
                 112600    0.05715936028269016      4.922677432607573                      2                    0.2     0.0628047016880327                     10
                 112700   0.007874911677717512      4.839277143354705                      2                    0.2     0.0645183814132209                     10
                 112800     0.4145792841823845      4.988538654521783                      2                    0.2    0.06093134419553108                     10
                 112900     0.4120348307720592       4.97954116233201                      2                    0.2    0.06085515231278551                     10
                 113000     0.6031275851554991      4.899479463012177                      2                    0.2    0.06212360066973623                     10
                 113100      1.354237028809053      4.826912882548793                      2                    0.2    0.06985511767389652                     10
                 113200      3.193739027052648      4.784063246744697                      2                    0.2      0.112875579279125                     10
                 113300      1.683850605764528      4.639874352764162                      2                    0.2    0.07957795158031893                     10
                 113400   0.002431069901160781       4.56687799828153                      2                    0.2    0.06957986017485104                     10
                 113500      1.870369128607428      4.535006583063568                      2                    0.2    0.08398070117755742                     10
                 113600       2.85677209755729      4.566211229024116                      2                    0.2     0.1067668103633826                     10
                 113700    0.01130041509668285      4.464961315013674                      2                    0.2    0.06966835150688147                     10
                 113800     0.8736567208894821      4.707241640532377                      2                    0.2    0.06720692822053977                     10
                 113900    0.05096731569328405      4.587484657420083                      2                    0.2    0.06835189153161321                     10
                 114000     0.2928926360564885      4.813566075996107                      2                    0.2     0.0628156328018596                     10
                 114100     0.0413215837091732      4.741629501687141                      2                    0.2     0.0651489663305085                     10
                 114200      2.717561138496895      4.752275487511334                      2                    0.2    0.09898013439851629                     10
                 114300    0.06946937594980082       4.83244816514293                      2                    0.2    0.06269271131292199                     10
                 114400   0.005875753752509636      5.069501950564128                      2                    0.2    0.06099711254173038                     10
                 114500    0.09529363815376753      4.819182748874038                      2                    0.2    0.06262162638250422                     10
                 114600     0.4334238129926054      4.741939384142588                      2                    0.2    0.06365114877542101                     10
                 114700   0.002757881502983576       4.83999545279244                      2                    0.2    0.06235501671322201                     10
                 114800     0.2220514205009051      4.943957012229591                      2                    0.2    0.05985210658778942                     10
                 114900      1.513300194037404      4.861689770212978                      2                    0.2    0.06915708140342239                     10
                 115000      1.000261702950475      4.932248805222638                      2                    0.2    0.06192991527295032                     10
                 115100     0.1007862211523895      5.054846583436978                      2                    0.2    0.05980190781614425                     10
                 115200      1.277087876337719      5.074214996161336                      2                    0.2    0.06458042354988772                     10
                 115300    0.08323310293005468      5.193798705065712                      2                    0.2    0.06104165918860464                     10
                 115400     0.9572646011037991      5.098675244163541                      2                    0.2     0.0613272531361164                     10
                 115500     0.3486628912600421      5.033048367200067                      2                    0.2    0.05857061319331777                     10
                 115600   0.007838434473806012      4.911709919002343                      2                    0.2    0.06017527752152453                     10
                 115700       1.05055940813146      4.910412460936509                      2                    0.2     0.0618274022422698                     10
                 115800     0.5429415085913938      4.903375409514741                      2                    0.2    0.05901094931512848                     10
                 115900    0.09489005446233836       4.61527098199174                      2                    0.2    0.06646197231906004                     10
                 116000   0.004103650019057388      4.755239304145134                      2                    0.2    0.06313156251007702                     10
                 116100      2.221667120518492      4.618067189048883                      2                    0.2    0.08809868203487736                     10
                 116200    0.06738221630180048      4.625407719877122                      2                    0.2    0.06591973332924937                     10
                 116300  0.0008751243007249416      4.551663476087414                      2                    0.2    0.06745016716628245                     10
                 116400     0.3974848215695685      4.668863428875262                      2                    0.2    0.06381417883293992                     10
                 116500     0.3080416904305829      4.596110605593212                      2                    0.2    0.06533919177288666                     10
                 116600    0.09888287767742658        4.5966585666161                      2                    0.2    0.06570039913204934                     10
                 116700    0.01421985534626105      4.777923989887546                      2                    0.2    0.06165323126537285                     10
                 116800     0.3608920066184764      4.825441416537332                      2                    0.2    0.05940215038081945                     10
                 116900  0.0007179744780076736      5.011749846546827                      2                    0.2    0.05880248042538993                     10
                 117000     0.3942539456505638      4.932600742066303                      2                    0.2    0.05764002106605157                     10
                 117100     0.5282680329764361      4.775189138686262                      2                    0.2    0.06031575683907161                     10
                 117200     0.6109503340157011       5.01088380825089                      2                    0.2    0.05761777643545709                     10
                 117300     0.3655970453663137      4.764672952916973                      2                    0.2    0.06026021090521509                     10
                 117400     0.5364510500329646      4.795499983893436                      2                    0.2     0.0594698877156676                     10
                 117500     0.1997062347342707      4.763423481420256                      2                    0.2    0.06027919708454887                     10
                 117600   0.001567561932439058      4.668006413839453                      2                    0.2     0.0635371698892213                     10
                 117700      2.973134870299337      4.593997266142505                      2                    0.2     0.1062499408215989                     10
                 117800      1.047126840287433      4.730777132202158                      2                    0.2    0.06344059804324004                     10
                 117900    0.01518376060605449      4.726979738182546                      2                    0.2     0.0614971361755418                     10
                 118000    0.02303160790168118      4.945253339741038                      2                    0.2    0.05773297018031635                     10
                 118100    0.06308063190605388      4.701813504413208                      2                    0.2    0.06170711183159153                     10
                 118200      0.023376475128223       4.73980706348229                      2                    0.2    0.06073245933168987                     10
                 118300     0.2383457255231994      4.716750710142922                      2                    0.2    0.06038862265445422                     10
                 118400     0.1760205262721479      4.745675639108287                      2                    0.2     0.0596427121212374                     10
                 118500     0.4603024102235129      4.872914865926536                      2                    0.2    0.05671518121096353                     10
                 118600  8.880928679119456e-05      4.826223418050315                      2                    0.2    0.05839034955184964                     10
                 118700     0.1830914573739983      4.663554621396118                      2                    0.2    0.06153443904980014                     10
                 118800     0.7487814077786059      4.951202539549868                      2                    0.2    0.05681476081963414                     10
                 118900      0.203522658283786      4.993051577956654                      2                    0.2    0.05631097592022668                     10
                 119000     0.9215787566434821      4.900420488428283                      2                    0.2    0.05775790925109395                     10
                 119100      0.708377163653386      4.945999605655679                      2                    0.2     0.0562505014276378                     10
                 119200   0.003897756162617679      4.992067762851713                      2                    0.2    0.05679724575999661                     10
                 119300     0.1100375655491316       4.89937435279953                      2                    0.2    0.05614886997726107                     10
                 119400    0.03231916198535023      4.911654851472033                      2                    0.2    0.05631070633025912                     10
                 119500      2.439374996655888      4.926664322976796                      2                    0.2    0.08328051856306139                     10
                 119600      1.717594827093068      4.934940820950048                      2                    0.2    0.06691229992929369                     10
                 119700    0.00466337799872476      4.768579502591335                      2                    0.2    0.05853664449952409                     10
                 119800   0.003546166042110004      4.870993238166454                      2                    0.2     0.0563884225880774                     10
                 119900     0.2415206511716531      4.746016465902267                      2                    0.2    0.05798497078708317                     10
                 120000      3.859831915933709      4.566002876246451                      2                    0.2     0.1288578600251579                     10
                 120100     0.2245094322466589      4.492495494233228                      2                    0.2    0.06517598574711016                     10
                 120200      1.707240543363706      4.442049368443357                      2                    0.2    0.07764256003101777                     10
                 120300      4.652603665166637      4.671952169833496                      2                    0.2     0.1440715255682295                     10
                 120400  0.0007562403942287558       4.66490169747672                      2                    0.2    0.06107063745164986                     10
                 120500      1.219930806847463      4.620758835050866                      2                    0.2    0.06585955176630998                     10
                 120600    0.06321499459267071      4.660420409970884                      2                    0.2    0.06060108495736072                     10
                 120700      1.938248397755835      4.729833887179801                      2                    0.2    0.07369639518449142                     10
                 120800     0.2313985089149824      4.894542651406017                      2                    0.2    0.05467083183830321                     10
                 120900    0.01884747513443603      4.763019938636836                      2                    0.2     0.0575160094639058                     10
                 121000      1.785048614267167      4.849187906715573                      2                    0.2    0.06764155091450452                     10
                 121100    0.02458842501103031      4.801164035797029                      2                    0.2     0.0563798549163975                     10
                 121200     0.9131696442860076      4.768544015981428                      2                    0.2    0.05770621474745749                     10
                 121300   2.93392078779706e-05      4.906820914348014                      2                    0.2    0.05506481900528069                     10
                 121400    0.04722133620760779      4.957241455148827                      2                    0.2    0.05479062148462472                     10
                 121500    0.01103362225354163      5.101576216026469                      2                    0.2    0.05722435217322225                     10
                 121600     0.8224417029967445      5.022407775605178                      2                    0.2    0.05558902031107391                     10
                 121700     0.2469840674685743      5.170251419288123                      2                    0.2    0.05780674272387001                     10
                 121800     0.2611077896815011      5.252649437621873                      2                    0.2    0.05966148391921756                     10
                 121900   0.002165152969807523      5.379003876536043                      2                    0.2     0.0627823092750241                     10
                 122000      0.662108836710696      5.195273775259723                      2                    0.2    0.05848088568812388                     10
                 122100    0.04887986899394706      5.320466038271322                      2                    0.2    0.06131620698325495                     10
                 122200     0.1099649428650001      5.389214524586952                      2                    0.2    0.06207088160786023                     10
                 122300     0.1115963832933734      5.440643604808292                      2                    0.2    0.06263158567772034                     10
                 122400     0.4874143662715028      5.266397148785707                      2                    0.2    0.05920312793283691                     10
                 122500      2.299026942772448      5.254624427380495                      2                    0.2    0.08403558496474203                     10
                 122600      2.950399920027044      5.230842090977646                      2                    0.2     0.1007942837038443                     10
                 122700      2.472541910055914      5.168543508176429                      2                    0.2    0.08559756191291051                     10
                 122800   0.006395300846982603      5.232519645487924                      2                    0.2    0.05895758250329916                     10
                 122900    0.07259818575973978      5.402288932791397                      2                    0.2    0.06168049164611206                     10
                 123000    0.00268509023306695       5.27409853363047                      2                    0.2    0.05957862085175427                     10
                 123100     0.1968740768394087      5.246438645380445                      2                    0.2    0.05809239351874172                     10
                 123200     0.9902871904812208      5.402807397330225                      2                    0.2    0.06349535527872088                     10
                 123300     0.1239813367449061      5.355562047039991                      2                    0.2    0.06016059211220385                     10
                 123400    0.04376694158356351      5.359903453685678                      2                    0.2    0.06041906687508894                     10
                 123500     0.2997469557525287      5.285683538375094                      2                    0.2    0.05817547853505065                     10
                 123600    0.02873382381912817      5.391655784386277                      2                    0.2    0.06076533019604799                     10
                 123700   0.001345433935338182      5.537815501919638                      2                    0.2    0.06297717496448885                     10
                 123800      2.753331401512873      5.696825389782523                      2                    0.2     0.1009935602858197                     10
                 123900      2.387727961793183      5.751522587343583                      2                    0.2    0.09002351186567309                     10
                 124000       1.67219956142193      5.792484780293842                      2                    0.2    0.07275686703638302                     10
                 124100      3.090697295949266      5.707321443672463                      2                    0.2     0.1094282880690389                     10
                 124200     0.2443362776095497      5.616795483809799                      2                    0.2    0.06216485681079294                     10
                 124300      1.437842924131881      5.824868483826055                      2                    0.2    0.06766555413309341                     10
                 124400      1.683352080765019      5.579018826979226                      2                    0.2    0.07414208508876068                     10
                 124500     0.3503323899707738      5.620177999576043                      2                    0.2    0.06169817417756929                     10
                 124600     0.2683659322905618      5.641784231433068                      2                    0.2    0.06152688596309807                     10
                 124700   0.002225471522881506      5.631973680831758                      2                    0.2    0.06223710086954551                     10
                 124800    0.09511753185781656      5.708723128327522                      2                    0.2    0.06095534451720961                     10
                 124900      1.496448623239258      5.562160110703136                      2                    0.2    0.07012508730890765                     10
                 125000     0.1448201280008196      5.505298116975492                      2                    0.2    0.06073183627516452                     10
                 125100     0.2628462250611707      5.511366562684303                      2                    0.2    0.06037395611824772                     10
                 125200     0.1489581526836536      5.697712668807311                      2                    0.2    0.06049554035916195                     10
                 125300  8.230759166563432e-05      5.756098671339252                      2                    0.2     0.0600298165708135                     10
                 125400    0.01557277213399757      5.582733556959292                      2                    0.2    0.06125609765247719                     10
                 125500    0.00530622432202003      5.506545615549461                      2                    0.2    0.06071895773000108                     10
                 125600  0.0006183851237254609      5.426266666597774                      2                    0.2    0.05984912038067652                     10
                 125700     0.5739566048560434      5.617571378363436                      2                    0.2    0.06046057469790461                     10
                 125800     0.6266571065773932      5.621630740518881                      2                    0.2    0.06050010279751795                     10
                 125900   0.001165808464753968      5.629252211023285                      2                    0.2    0.06067556654220651                     10
                 126000     0.5328868661428664      5.665948830675267                      2                    0.2    0.05976760353629195                     10
                 126100      0.543740704992969      5.681825292861099                      2                    0.2    0.05954776049143565                     10
                 126200     0.4634294820457169       5.61944844012795                      2                    0.2    0.05948437801515868                     10
                 126300    0.00779948491216235      5.775673861874457                      2                    0.2    0.05866510551266318                     10
                 126400      1.030323953599125      5.710669275301417                      2                    0.2    0.06196197946980541                     10
                 126500     0.7117422546680964      5.708003865206759                      2                    0.2    0.05945086508869476                     10
                 126600     0.3049894560603436      5.590433455246458                      2                    0.2    0.05893327703640707                     10
                 126700      2.891036120182732      5.825907708017873                      2                    0.2    0.09986560062891162                     10
                 126800     0.3728273842188187      5.948179909741549                      2                    0.2    0.05787220371484834                     10
                 126900  9.951969046562618e-06      5.826883683840371                      2                    0.2    0.05744631840443031                     10
                 127000    0.08734200767161861      5.775729500435119                      2                    0.2      0.057557011395158                     10
                 127100     0.8008363898822476      5.748910918739174                      2                    0.2    0.05882160404055647                     10
                 127200    0.02179714887661923      5.553003509274177                      2                    0.2    0.05924838629526923                     10
                 127300     0.9450855949674914        5.8800649896815                      2                    0.2    0.05879051666997858                     10
                 127400     0.1396901362088454      6.002995018252673                      2                    0.2    0.06038350970251453                     10
                 127500    0.06513705233142168      5.845638776832153                      2                    0.2    0.05639501137688459                     10
                 127600    0.09772125698017554      5.982073809085129                      2                    0.2    0.05895110980856622                     10
                 127700    0.02265304286278404      6.001185910313348                      2                    0.2    0.06027574797823732                     10
                 127800   0.001276040693277879      5.812966041432475                      2                    0.2    0.05662554169790006                     10
                 127900      1.321199149630606      5.773886053412069                      2                    0.2    0.06302383084378127                     10
                 128000     0.4001826011730012      5.951518554669804                      2                    0.2    0.05675910136756201                     10
                 128100    0.00355362576447367      5.967846844840917                      2                    0.2    0.05801487252885091                     10
                 128200    0.02602019310733547      5.744239582812273                      2                    0.2    0.05710352008714792                     10
                 128300     0.9614403551244128      5.621418080630084                      2                    0.2       0.06029341256775                     10
                 128400   0.004390731962995209       5.42885048560743                      2                    0.2    0.05857824557832109                     10
                 128500     0.3623125006840534      5.673787951548849                      2                    0.2    0.05703432194457907                     10
                 128600     0.3504171557692158      5.824495411855196                      2                    0.2     0.0549586991480312                     10
                 128700     0.5353607966031376      5.707311202746867                      2                    0.2    0.05664376209360839                     10
                 128800     0.1739812546643469      5.546992975702993                      2                    0.2    0.05769946960671941                     10
                 128900     0.1462479662825907      5.391813352311098                      2                    0.2    0.05751698386116121                     10
                 129000     0.2068630219585282      5.284385718734118                      2                    0.2    0.05662807499781786                     10
                 129100      2.362954178518645      5.118296329992923                      2                    0.2    0.08031542062210888                     10
                 129200     0.5004909948284013        5.2016543019436                      2                    0.2     0.0553762809395255                     10
                 129300    0.01190554557532504      5.179829717786225                      2                    0.2    0.05594143871651405                     10
                 129400     0.3861168364138602      5.222570193008217                      2                    0.2    0.05531730452701962                     10
                 129500     0.5156151358917258      5.266056132025184                      2                    0.2    0.05580535733977877                     10
                 129600     0.5873448868664697      5.110521922552955                      2                    0.2    0.05384969396752074                     10
                 129700    0.03673656100939018      5.274074401952651                      2                    0.2    0.05640651629427025                     10
                 129800       1.23400024313133       5.25337116516967                      2                    0.2    0.06024168458748547                     10
                 129900     0.3752981800649372       5.31340755002585                      2                    0.2    0.05568884597628357                     10
                 130000    0.08083753966129367      5.402928207785918                      2                    0.2    0.05682859163870129                     10
                 130100     0.3420453061503044      5.454597739475744                      2                    0.2     0.0564102756727086                     10
                 130200    0.09469289626609517      5.483508714340289                      2                    0.2    0.05693262016656545                     10
                 130300   0.002533260622598996      5.488310917324444                      2                    0.2    0.05723555323027343                     10
                 130400     0.5431160110529473      5.427557984899703                      2                    0.2    0.05611127646732443                     10
                 130500    0.05240893065797125      5.316285995916203                      2                    0.2     0.0558430853019308                     10
                 130600     0.5349996381075256      5.379587012034843                      2                    0.2    0.05557594991802051                     10
                 130700     0.2047851100016028      5.330284733198209                      2                    0.2     0.0551567606892298                     10
                 130800     0.1184402110300096      5.365502122402152                      2                    0.2    0.05550426683113123                     10
                 130900     0.1800743000529693      5.467037162657029                      2                    0.2    0.05578590152623253                     10
                 131000     0.2664949634924239      5.298182624587332                      2                    0.2     0.0544959548124327                     10
                 131100     0.3052471533566758      5.235651485566736                      2                    0.2    0.05389094303632517                     10
                 131200      3.618782858097817      5.039036828941617                      2                    0.2     0.1143069920842397                     10
                 131300     0.4200373808186287       5.33353808356209                      2                    0.2    0.05440219304180001                     10
                 131400     0.1630500489860273      5.308312607500252                      2                    0.2    0.05442662429116248                     10
                 131500      1.561178156072042      5.490918923148485                      2                    0.2    0.06543727860777653                     10
                 131600     0.1612111338410155      5.650132281683105                      2                    0.2    0.05603821803105966                     10
                 131700     0.6774324556429534       5.74334175991121                      2                    0.2    0.05584399181827086                     10
                 131800     0.1764984446030292      5.801103949714646                      2                    0.2    0.05459039527024045                     10
                 131900   0.000918809177077838      5.707848953185231                      2                    0.2    0.05599556870299649                     10
                 132000    0.01845590105199975      5.746685796313926                      2                    0.2    0.05542355506782589                     10
                 132100   0.009390844757320983      5.771228458872603                      2                    0.2     0.0550957105164425                     10
                 132200      0.373020870649159      5.639440743207846                      2                    0.2    0.05515338830069764                     10
                 132300     0.8392167047668656      5.712396294532075                      2                    0.2    0.05634675508724307                     10
                 132400     0.1838855826804628      5.609263663539119                      2                    0.2    0.05517358942621791                     10
                 132500     0.5216327200438668      5.308300731120275                      2                    0.2    0.05388245665018988                     10
                 132600      2.246444869022524      5.259222426467536                      2                    0.2    0.07709946827950116                     10
                 132700      1.513242600424742      5.179055148195403                      2                    0.2    0.06127650150169653                     10
                 132800     0.2897517888780962      5.252410456825226                      2                    0.2    0.05319521454652883                     10
                 132900     0.1722879687453404      5.289254673595767                      2                    0.2    0.05353929885115146                     10
                 133000    0.01306736625363445      5.266971956977093                      2                    0.2    0.05397799750639332                     10
                 133100       1.07492728922184      4.839791768859993                      2                    0.2    0.05640682339264289                     10
                 133200     0.2751737974101078      4.871835344817805                      2                    0.2     0.0528699943298638                     10
                 133300    0.04955755079055635      5.024736617874158                      2                    0.2    0.05250275313883596                     10
                 133400    0.01007747735083226      4.950618558671803                      2                    0.2    0.05279820675624407                     10
                 133500   0.006983553502906509      4.753357023451095                      2                    0.2    0.05654284009981863                     10
                 133600    0.02101251532439475      4.745667834396716                      2                    0.2    0.05657995947633481                     10
                 133700    0.06065072307652508      4.776494136289392                      2                    0.2    0.05530262472453252                     10
                 133800    0.01780560941703004      4.943026294584515                      2                    0.2    0.05246206186280717                     10
                 133900     0.3024692321577744      4.710327630546338                      2                    0.2    0.05648125811756121                     10
                 134000    0.01605015910210012        4.7177137034117                      2                    0.2    0.05709069626767994                     10
                 134100     0.5820405223525063      4.894355715557429                      2                    0.2    0.05172271641630532                     10
                 134200     0.2193777352056908       5.04876914790829                      2                    0.2    0.05131222688167615                     10
                 134300     0.4460751399971792      5.029304483369545                      2                    0.2    0.05085092227062657                     10
                 134400     0.5936387201204012      5.437637955594809                      2                    0.2    0.05414458470683225                     10
                 134500    0.01090115465573763      5.306447239558016                      2                    0.2    0.05375272739386051                     10
                 134600     0.3152477728973391      5.177257983817029                      2                    0.2    0.05174339214241228                     10
                 134700     0.1830844386688058      5.094914094942558                      2                    0.2    0.05131299406728685                     10
                 134800     0.4852126074668893      4.938080189881422                      2                    0.2    0.05072208180153295                     10
                 134900     0.1645296272910267      5.293409399094342                      2                    0.2    0.05273052899905615                     10
                 135000     0.9881883030504137      5.322856553395606                      2                    0.2    0.05510246004030659                     10
                 135100      1.033605594977485      5.435058050023271                      2                    0.2     0.0564115664457935                     10
                 135200     0.8604990832910002      5.435427975327755                      2                    0.2     0.0548802793956175                     10
                 135300     0.4825345696874619      5.478538187044744                      2                    0.2     0.0535264758274684                     10
                 135400    0.00174087586775623      5.555104232726398                      2                    0.2    0.05485785020648625                     10
                 135500     0.2279591153632744      5.531573149018847                      2                    0.2    0.05377211144143924                     10
                 135600    0.07303781940502346      5.246707257191325                      2                    0.2     0.0522541823274271                     10
                 135700      0.791004552643193      5.185113149122062                      2                    0.2    0.05208303235625839                     10
                 135800      1.281470529300892       5.14987331740954                      2                    0.2    0.05596628219205642                     10
                 135900  0.0006862711403066805      5.341042048277739                      2                    0.2    0.05288896703146864                     10
                 136000      1.522580010550876      5.203469177378514                      2                    0.2    0.05956162078256502                     10
                 136100     0.7491147595177766      5.301737950996154                      2                    0.2    0.05231112659071877                     10
                 136200    0.05544878599677878      5.428507990589756                      2                    0.2    0.05300657895577224                     10
                 136300    0.08980305772918906      5.493413801219862                      2                    0.2    0.05335807935860418                     10
                 136400     0.7900227617417653      5.524299707810089                      2                    0.2    0.05429125930331434                     10
                 136500      1.332182967507056       5.53103000889875                      2                    0.2    0.05957213014912447                     10
                 136600     0.3873157098441085      5.837207588867004                      2                    0.2    0.05327061107387863                     10
                 136700     0.0146888139791057      5.849190176045363                      2                    0.2    0.05389374290688424                     10
                 136800     0.4144619444988763      5.701296026503533                      2                    0.2    0.05351275782455143                     10
                 136900      1.184212048622378      5.678646644203805                      2                    0.2    0.05828484946156188                     10
                 137000     0.3452888423578946      5.710871957222516                      2                    0.2    0.05322800581559392                     10
                 137100     0.1105545854189146      5.800246182274025                      2                    0.2    0.05313579020090509                     10
                 137200     0.8380737026225075      5.795553441939502                      2                    0.2     0.0544142820110898                     10
                 137300  0.0001112045985291045      5.713578411384944                      2                    0.2    0.05377182627423004                     10
                 137400       1.60757508678531      5.758192255832556                      2                    0.2    0.06381654792421501                     10
                 137500  0.0005696523674447974      5.751451465615489                      2                    0.2     0.0533704688094797                     10
                 137600      1.673959845022918      5.824431606142557                      2                    0.2    0.06473317095740513                     10
                 137700     0.3797124144852437        5.8769910433557                      2                    0.2    0.05248279331762616                     10
                 137800      1.945547358621941      6.114078046675221                      2                    0.2    0.08846501719152154                     10
                 137900     0.2969523900741784      5.926522296808384                      2                    0.2    0.05342728424281554                     10
                 138000     0.1658551684160663      5.923623733714875                      2                    0.2    0.05340826500692305                     10
                 138100     0.1538792870099316      5.996990174055023                      2                    0.2    0.05706870598804442                     10
                 138200     0.4301962733019447      6.088077535885386                      2                    0.2    0.06651419888140361                     10
                 138300     0.1212000578772002      6.164443921654222                      2                    0.2    0.07983020165376487                     10
                 138400      1.444138265191231      6.218834572571247                      2                    0.2    0.09896485586313447                     10
                 138500     0.2191423762828612      6.234235813299845                      2                    0.2    0.09486019724158055                     10
                 138600     0.1802680778793007       6.10805768249657                      2                    0.2    0.06880415722700915                     10
                 138700     0.3361104518584943       6.00729319172442                      2                    0.2    0.05686715585066513                     10
                 138800     0.2565024790945948      6.099416060324092                      2                    0.2    0.06704153488711971                     10
                 138900     0.3773465091003935      6.149183916630612                      2                    0.2    0.07523242019912144                     10
                 139000     0.1352392512363937      6.112686023588466                      2                    0.2    0.06892311242130994                     10
                 139100      1.629132532203249      6.236194211906758                      2                    0.2     0.1037851751593486                     10
                 139200      7.052875155116678      6.216794839770657                      2                    0.2     0.1655582783111698                     10
                 139300     0.2970540174558376      6.128992864335098                      2                    0.2    0.07095207251575414                     10
                 139400  0.0003320764976638307      6.244596656940642                      2                    0.2    0.09612759792557714                     10
                 139500   0.003591094318470054      6.025967020591155                      2                    0.2    0.05824319197715979                     10
                 139600   0.005681123969540678      6.082746843373226                      2                    0.2    0.06421134722332238                     10
                 139700     0.5732635937828757      6.184994146479491                      2                    0.2    0.08130326238542382                     10
                 139800    0.06792028733570428      6.164857316882468                      2                    0.2    0.07701703582290137                     10
                 139900      1.105338296129454      6.210877737186477                      2                    0.2    0.08995674674284844                     10
                 140000   0.001702388403401101       6.18036748033995                      2                    0.2    0.07994076364841605                     10
                 140100     0.8909537701185505      6.085558669893738                      2                    0.2    0.06514856503175857                     10
                 140200    0.05260100763748566      6.224447010658393                      2                    0.2    0.08908392817850311                     10
                 140300      0.144650115496062      6.158793930283395                      2                    0.2    0.07446067771216999                     10
                 140400    0.03175655989667629       6.27502082580108                      2                    0.2     0.1010649492833163                     10
                 140500    0.01382889781900135      6.261301064394036                      2                    0.2    0.09725695052295215                     10
                 140600     0.2392529599987011      6.202383938683388                      2                    0.2    0.08237980254346178                     10
                 140700    0.05427232263647729      6.183512999004847                      2                    0.2    0.07858940389189109                     10
                 140800       1.02469643012815      6.036767807165717                      2                    0.2    0.06010287738685741                     10
                 140900    0.05951211157143842      5.978520174944707                      2                    0.2    0.05327333260624331                     10
                 141000     0.1300960228656709      5.954293505933538                      2                    0.2    0.05195499502455749                     10
                 141100    0.03258516003484715      5.726084947480198                      2                    0.2    0.05230148023182941                     10
                 141200     0.1060503666388172      5.758992834559207                      2                    0.2    0.05150339532096561                     10
                 141300    0.06363592343526528      5.557179510858317                      2                    0.2    0.05270309207596654                     10
                 141400     0.5072160116994171      5.760581933577964                      2                    0.2     0.0510799786184756                     10
                 141500      0.083893384648229      5.824530473223415                      2                    0.2    0.05059640133761387                     10
                 141600     0.0684789614169901      5.973109270766876                      2                    0.2    0.05250278256389196                     10
                 141700      1.485236388684754      6.074420681697404                      2                    0.2    0.06919408079764426                     10
                 141800    0.01289127651813112       6.18152346580114                      2                    0.2    0.07747725041494188                     10
                 141900     0.8908983990529988       6.15467139446284                      2                    0.2    0.07353589233774258                     10
                 142000     0.4008016200996951      6.291902434446159                      2                    0.2     0.1025329145826225                     10
                 142100      0.655326462619451      5.928065652123317                      2                    0.2     0.0508742126366845                     10
                 142200      1.220196064615547      6.030680434120947                      2                    0.2    0.06048428830405736                     10
                 142300   0.003460833266597105      5.972701603960036                      2                    0.2    0.05209870283737004                     10
                 142400  0.0004783053525039896      5.974672124836083                      2                    0.2    0.05208770502451185                     10
                 142500      1.948759730689766      6.244956937622046                      2                    0.2     0.1052585992059712                     10
                 142600      0.045086667246807      6.053059000651007                      2                    0.2     0.0570557818321267                     10
                 142700    0.04651868188995927      5.999674148868714                      2                    0.2    0.05286250295898481                     10
                 142800  0.0007539061283177604       5.78014247646151                      2                    0.2    0.05077757436540583                     10
                 142900     0.8584749290854305      5.943627046938259                      2                    0.2    0.05171366857737269                     10
                 143000      0.321988653892174      5.888461707565478                      2                    0.2    0.04890367777098204                     10
                 143100     0.0347072385880654      5.928880919783305                      2                    0.2    0.04989723928545434                     10
                 143200    0.01143412685932176      5.906847043531901                      2                    0.2    0.04957582400874882                     10
                 143300      0.014567642774181      5.876734249706491                      2                    0.2    0.04931830082917108                     10
                 143400    0.07101847419685441      6.020762617861811                      2                    0.2    0.05351092052507504                     10
                 143500     0.0137984354519275      6.105673329220844                      2                    0.2    0.06252440752549938                     10
                 143600    0.01139289569595341      6.019647432212432                      2                    0.2     0.0534393800459691                     10
                 143700    0.05856884674784837      6.080353896494264                      2                    0.2    0.05881284812134927                     10
                 143800    0.05072197417320849      6.014494525785922                      2                    0.2    0.05268093344425036                     10
                 143900      0.112890961309191      5.987741993665809                      2                    0.2    0.05079505952031222                     10
                 144000    0.05914239745958413      5.880147721714529                      2                    0.2     0.0485657857702329                     10
                 144100     0.1803479975892936      5.964376799848271                      2                    0.2    0.04943902372040085                     10
                 144200   0.007500029427980842      6.027604779102248                      2                    0.2    0.05340417059225266                     10
                 144300    0.09030128025245655       5.91140926533283                      2                    0.2    0.04831813134281224                     10
                 144400      4.749729192162984      6.106473733725434                      2                    0.2     0.1469332742008984                     10
                 144500      1.035375938611287       6.26697883214773                      2                    0.2    0.09670819195996851                     10
                 144600     0.7520826543367453      6.063321114937462                      2                    0.2    0.05675665834484973                     10
                 144700     0.2261746817018258      6.119618709219775                      2                    0.2    0.06256178735892982                     10
                 144800     0.2568889185283577      6.282802799666324                      2                    0.2    0.09732546525025466                     10
                 144900      1.018782684820424      6.209413840717684                      2                    0.2    0.08194825517737975                     10
                 145000      0.192754155825669      5.970928519867106                      2                    0.2    0.04897051368141692                     10
                 145100    0.06264033139525781      6.119773278174446                      2                    0.2    0.06244056618721856                     10
                 145200       1.75267968933363      6.137456726400924                      2                    0.2    0.07817651017170506                     10
                 145300     0.8092611099274291       6.14221064284121                      2                    0.2    0.06662549674378343                     10
                 145400     0.2998239234240722      6.192654512113968                      2                    0.2    0.07442628135368358                     10
                 145500  0.0001152816473950049      5.935405390801344                      2                    0.2    0.04826198854505357                     10
                 145600     0.2240806952888357      5.786994300559776                      2                    0.2    0.04851419739104865                     10
                 145700     0.5370935684630407      5.756562454223634                      2                    0.2    0.04920575883282793                     10
                 145800   0.006693826372298808      5.713810863539031                      2                    0.2    0.05052702039464339                     10
                 145900    0.01348006520412244      5.649685328412955                      2                    0.2     0.0514229782568988                     10
                 146000      0.212638270080218      5.497763723885498                      2                    0.2    0.05138930686992786                     10
                 146100     0.6149957221148039      5.568501519468214                      2                    0.2    0.05147306506100911                     10
                 146200     0.3440326619622752      5.567602280281319                      2                    0.2    0.05092509817841456                     10
                 146300   0.004589234777832888      5.756060542080132                      2                    0.2    0.04931824861568288                     10
                 146400     0.4482442131894024      5.632592201480204                      2                    0.2    0.05037872879580403                     10
                 146500   0.000217129059136023      5.626310387443629                      2                    0.2    0.05117967691280821                     10
                 146600   0.008626406381517007      5.810567759734667                      2                    0.2    0.04803676033064201                     10
                 146700   0.004177450228525183      5.520645270479973                      2                    0.2    0.05156963319032065                     10
                 146800    0.09253553451742413      5.480225650363467                      2                    0.2    0.05112046211239413                     10
                 146900     0.4667640367757635      5.485564753258672                      2                    0.2    0.05055204963225995                     10
                 147000     0.9106162229462272      5.651349746377385                      2                    0.2    0.05179731409719521                     10
                 147100       1.55275825895629       5.89730939958706                      2                    0.2    0.05675979937346708                     10
                 147200     0.3597300850644533      5.742290384548612                      2                    0.2     0.0481268361794106                     10
                 147300   0.008506548381570011      5.616072409055871                      2                    0.2    0.05059964334283822                     10
#! FIELDS time cv_water_cyl cv_zdist sigma_cv_water_cyl sigma_cv_zdist height biasf
#! SET multivariate false
#! SET kerneltype stretched-gaussian
                 147400     0.3183875094977495      5.636137535616346                      2                    0.2    0.04946582730843674                     10
                 147500   0.007543677256499527      5.559877910269643                      2                    0.2    0.05076959463222852                     10
                 147600      0.221935382399704      5.674181394100163                      2                    0.2     0.0489546366526986                     10
                 147700     0.9330054993573571       5.75252375943575                      2                    0.2    0.04995723954928974                     10
                 147800      1.548522402535739      6.018606732995499                      2                    0.2    0.06036685288748599                     10
                 147900     0.4151452097830285      6.048127210193227                      2                    0.2    0.05238626070199193                     10
                 148000     0.1634525541915383      6.136170329067358                      2                    0.2    0.06344562845568105                     10
                 148100    0.03785269672656384        5.9372305839328                      2                    0.2    0.04697553121672172                     10
                 148200    0.03162512103737519      6.113976303391956                      2                    0.2    0.06029554572912587                     10
                 148300      0.638640437860381      6.117516291936267                      2                    0.2    0.06057133250931671                     10
                 148400  3.004679053457528e-05      6.126960798704925                      2                    0.2    0.06207561816982875                     10
                 148500     0.4394983105042706       6.08242497820325                      2                    0.2    0.05520184374037877                     10
                 148600     0.7327219651993908      6.108207270763657                      2                    0.2    0.05930230010769521                     10
                 148700      2.507251490267834      6.210904964120269                      2                    0.2     0.1049140353857911                     10
                 148800    0.08098524091848271      6.211600795560482                      2                    0.2    0.07716500579477129                     10
                 148900      2.047040942379757      6.207056391777815                      2                    0.2    0.09365474300459699                     10
                 149000     0.2575215028320444      6.129482281702572                      2                    0.2    0.06079743644887598                     10
                 149100     0.5678446359611582      6.052951500760219                      2                    0.2    0.05179491442661727                     10
                 149200      2.085010723255667      5.982240208511007                      2                    0.2    0.06787902829784631                     10
                 149300      2.958893755562906      6.192176552313393                      2                    0.2     0.1112824915161024                     10
                 149400     0.8285244722183299      6.246610646283047                      2                    0.2    0.08522532022423626                     10
                 149500     0.2851624864822923      6.194771868043587                      2                    0.2    0.07187186029487774                     10
                 149600     0.1099166991739788      6.152621489083394                      2                    0.2    0.06410946924918363                     10
                 149700     0.4611561604087829      6.138346789148191                      2                    0.2    0.06120258718246147                     10
                 149800      1.202717963053034      6.059581301353623                      2                    0.2    0.05629952114174627                     10
                 149900      2.676436383790641      5.909276375320237                      2                    0.2    0.08188457825076687                     10
                 150000    0.02332543928199701      6.033969873136961                      2                    0.2    0.04984273014885326                     10
                 150100     0.2600307948421178      6.121983533435419                      2                    0.2    0.05834317891624734                     10
                 150200     0.6192927471895678      6.121856358713584                      2                    0.2    0.05855635615324201                     10
                 150300   0.004100789162346895      6.139712676966651                      2                    0.2    0.06158612603239227                     10
                 150400  0.0004196556272622424      6.248431254360426                      2                    0.2    0.08373547847444206                     10
                 150500     0.2497062724018792      6.145164371729003                      2                    0.2    0.06128846316943365                     10
                 150600     0.4345958397156172      6.309114262351205                      2                    0.2    0.09827372529057864                     10
                 150700  0.0004930374750451241      6.258249933269276                      2                    0.2    0.08540266421949916                     10
                 150800      0.234853202034536      6.307013191655718                      2                    0.2    0.09712232695133914                     10
                 150900   0.005884389208151572      6.331796264842826                      2                    0.2     0.1042263493145334                     10
                 151000     0.5616704211075254      6.251893957994607                      2                    0.2    0.08217034302334619                     10
                 151100     0.0546711148828211      6.155618042477876                      2                    0.2    0.06254992447478304                     10
                 151200     0.9469982783108329      6.219810370039083                      2                    0.2    0.07629609625552267                     10
                 151300      0.109226847610896       6.24369561515911                      2                    0.2    0.07978440730499133                     10
                 151400  3.441123484905545e-05      6.152107467271602                      2                    0.2    0.06174094489634464                     10
                 151500       1.73254973660228       6.17076418110188                      2                    0.2    0.07646432681228151                     10
                 151600     0.7442606384830625      6.068705931751763                      2                    0.2    0.05127400389950091                     10
                 151700   7.42118556333015e-05      6.057670939542584                      2                    0.2    0.05010973905962442                     10
                 151800  0.0006880287639360949      6.082462400630785                      2                    0.2    0.05224446674208315                     10
                 151900   0.008809315868553819      6.236058243901745                      2                    0.2    0.07751314630452892                     10
                 152000    0.01021833339723642      6.186253797124859                      2                    0.2    0.06681698604881224                     10
                 152100     0.8131642782928798      5.965482005516687                      2                    0.2    0.04582707841352666                     10
                 152200    0.06894809888443408      5.930892424874814                      2                    0.2    0.04435062437952173                     10
                 152300    0.09782534992439171      5.944759792477949                      2                    0.2    0.04429102827293248                     10
                 152400     0.3334702025159648      5.763186404025024                      2                    0.2    0.04621823991363602                     10
                 152500     0.5487387351687633      5.602304312926639                      2                    0.2    0.04931165003065952                     10
                 152600     0.1549745505282228       5.40916644543182                      2                    0.2    0.05030265816916462                     10
                 152700    0.08707867614572742      5.454092698706614                      2                    0.2    0.05029574579041832                     10
                 152800  0.0005573160837741152      5.386010302799706                      2                    0.2    0.05081927103821574                     10
                 152900     0.4985451539188375      5.486325601224554                      2                    0.2    0.04956292704046706                     10
                 153000   0.004755684564810913      5.423120900878216                      2                    0.2    0.05047910267667226                     10
                 153100   0.001777516840415189      5.443638180370595                      2                    0.2    0.05032304034333332                     10
                 153200     0.1061551018403795      5.678907007985545                      2                    0.2    0.04804018291555473                     10
                 153300    0.01178011360720755      5.673440510467142                      2                    0.2    0.04842631658832937                     10
                 153400   0.001395533379851781      5.545742785083029                      2                    0.2    0.04968449392154461                     10
                 153500   0.008767580368193849      5.721804133441777                      2                    0.2    0.04739112961907762                     10
                 153600    0.03324714178922537      5.629621199651856                      2                    0.2    0.04866655290013678                     10
                 153700     0.9681069501332594      5.601266781400835                      2                    0.2    0.05074177726792842                     10
                 153800    0.02154910188249666      5.475868988081396                      2                    0.2    0.04961253383921969                     10
                 153900     0.1406094282277819      5.286912028498163                      2                    0.2    0.04997063505833593                     10
                 154000      1.767486444140202      5.488953065633776                      2                    0.2    0.06242447729508738                     10
                 154100     0.2547776290302284      5.531516075566916                      2                    0.2    0.04837109269351308                     10
                 154200   0.009665486556360936      5.523656220365378                      2                    0.2    0.04910718958838408                     10
                 154300    0.02649407782579374      5.419621008201947                      2                    0.2    0.04943882169602983                     10
                 154400     0.2977415238475208      5.695813127782641                      2                    0.2    0.04655369627711489                     10
                 154500    0.03238735638042021      5.650275308970944                      2                    0.2    0.04779303648155502                     10
                 154600     0.4325285750987155      5.353382249929277                      2                    0.2    0.04884319568638282                     10
                 154700     0.2633492177788013      5.450177293238879                      2                    0.2    0.04826427219928646                     10
                 154800    0.05324499451415902      5.784229510298571                      2                    0.2    0.04530666358007792                     10
                 154900    0.07679530782456478      5.910353299176265                      2                    0.2    0.04358600500049612                     10
                 155000    0.02328166289009946      5.636832401726046                      2                    0.2    0.04770259970273185                     10
                 155100     0.8526459171783244      5.641625459944763                      2                    0.2    0.04851989264927258                     10
                 155200    0.04128207026442567      5.824300852007333                      2                    0.2    0.04435063838604202                     10
                 155300     0.2890464539057761      5.448080361763731                      2                    0.2     0.0479920582170632                     10
                 155400    0.05033014898186269      5.495615362776624                      2                    0.2    0.04827934499251347                     10
                 155500     0.4873460304834406       5.30065602897721                      2                    0.2    0.04884643607676205                     10
                 155600    0.01178681339237802        5.2753189656824                      2                    0.2    0.04982702154471992                     10
                 155700     0.1623574895040214      5.259340574706092                      2                    0.2    0.04920089697374958                     10
                 155800      1.203683643090157      5.297296831943337                      2                    0.2    0.05317481583767251                     10
                 155900   0.001939628823612944      5.197465496443026                      2                    0.2    0.05007178736651065                     10
#! FIELDS time cv_water_cyl cv_zdist sigma_cv_water_cyl sigma_cv_zdist height biasf
#! SET multivariate false
#! SET kerneltype stretched-gaussian
                 155700     0.2464100150436996      5.385355114804335                      2                    0.2    0.04789305283101844                     10
                 155800    0.08327409880508466      5.480019085619194                      2                    0.2    0.04778907973378462                     10
                 155900  5.680266931742449e-05      5.467730793979365                      2                    0.2    0.04812298646243943                     10
                 156000      0.106717971990386      5.570741751423686                      2                    0.2    0.04717049374357049                     10
                 156100      1.265347719368432       5.65329553672999                      2                    0.2    0.05188205243541547                     10
                 156200      0.156977791447469      5.783531196859119                      2                    0.2    0.04437774430190367                     10
                 156300       1.03709937935648       5.88089058652626                      2                    0.2     0.0460244932755706                     10
                 156400     0.1198550032746555       5.96681844643307                      2                    0.2    0.04380005409924823                     10
                 156500   0.002503812794634795      5.731016650835683                      2                    0.2    0.04566811036963685                     10
                 156600      1.239102300501905      5.844161270680345                      2                    0.2    0.04835566111990348                     10
                 156700    0.03199242855538431      5.615613926454847                      2                    0.2     0.0468244736468543                     10
                 156800    0.02059888996644801      5.247683123668102                      2                    0.2    0.04934743630236042                     10
                 156900     0.3306019938478402      5.229429133503483                      2                    0.2    0.04844448135931461                     10
                 157000    0.02309099564085895       5.30232041190296                      2                    0.2    0.04870409853213099                     10
                 157100     0.3955958153604888      5.377149389540756                      2                    0.2    0.04717861197315485                     10
                 157200       0.13150250070254      5.188990898591523                      2                    0.2    0.04891905905591357                     10
                 157300     0.9307924785710949      5.034022311643408                      2                    0.2    0.05087725709114863                     10
                 157400     0.8488214419301552      5.190761811733285                      2                    0.2    0.04962662179374296                     10
                 157500      1.046411272968576      4.991665536518342                      2                    0.2    0.05189148837114419                     10
                 157600      1.440060022732545      5.057002701927239                      2                    0.2    0.05582064049290506                     10
                 157700    0.02332854518663058      5.050495555595178                      2                    0.2    0.04972812942261781                     10
                 157800     0.4367787304678293      4.894810823334717                      2                    0.2    0.05025296040833094                     10
                 157900     0.7175042128130074      4.819137738095401                      2                    0.2    0.05256930905106573                     10
                 158000     0.5745955187889796      4.692313691492547                      2                    0.2    0.05647214871114039                     10
                 158100     0.5459809148120227      4.626640894695626                      2                    0.2    0.05889257405693832                     10
                 158200     0.3154563553357798      4.540562090547008                      2                    0.2    0.06181007095706492                     10
                 158300  9.011136179658151e-05      4.653676534546799                      2                    0.2    0.05857242694824483                     10
                 158400     0.2422765776442323      4.307974700080077                      2                    0.2    0.06811831310679509                     10
                 158500     0.4173442326019376      4.289595241149293                      2                    0.2    0.06831083134495472                     10
                 158600     0.3848652791981715      4.347684923578305                      2                    0.2    0.06653132693260104                     10
                 158700    0.01679653469219854      4.411999682444039                      2                    0.2    0.06573824860577697                     10
                 158800     0.1623587142698625      4.334224698676064                      2                    0.2    0.06690186292804139                     10
                 158900     0.8147423026921777      4.233524416676202                      2                    0.2    0.07063294405196431                     10
                 159000   0.001493404018761302      4.066289395023137                      2                    0.2    0.07515550688664048                     10
                 159100     0.1129899204067493      4.091614144625446                      2                    0.2    0.07384704948429438                     10
                 159200    0.01026944083347649      4.011010998920023                      2                    0.2    0.07563500712668425                     10
                 159300     0.1075663807733712      4.100867674297792                      2                    0.2    0.07320900482122607                     10
                 159400      0.460924173334769      4.086148557071223                      2                    0.2    0.07291301027163802                     10
                 159500    0.03068952519482059       4.02211415177794                      2                    0.2    0.07473872330115183                     10
                 159600   0.003891902840406457      4.140524343084474                      2                    0.2    0.07198894371571517                     10
                 159700    0.03366256767731016      3.945085264179502                      2                    0.2    0.07520177660374856                     10
                 159800     0.1481830371808505      3.912242546496525                      2                    0.2    0.07471288535622291                     10
                 159900     0.2685153100649426      3.958976905010443                      2                    0.2    0.07394518298489153                     10
                 160000     0.4143211304756901      4.129672387317346                      2                    0.2    0.07073346138450581                     10
                 160100       0.72744946870347      3.987881035089343                      2                    0.2    0.07409037669545082                     10
                 160200    0.02560498995595544      3.777758948352544                      2                    0.2    0.07481419146694698                     10
                 160300   0.003445836297043396      3.888780884168836                      2                    0.2    0.07446642332199196                     10
                 160400     0.3757757372778102      4.058495318933772                      2                    0.2    0.07170171202484484                     10
                 160500     0.1828594010724257       4.14382786829386                      2                    0.2    0.06994795834269678                     10
                 160600     0.1718673859966335      4.204310331123827                      2                    0.2    0.06832085991772369                     10
                 160700      0.583017616274319      4.328874075200742                      2                    0.2    0.06539770844934008                     10
                 160800     0.1705438277102228      4.280111585131474                      2                    0.2    0.06624461251355142                     10
                 160900       1.12008006539068      4.241646288032744                      2                    0.2    0.07037764067640151                     10
                 161000    0.04003796905034485      4.158179052370498                      2                    0.2    0.06931127358887379                     10
                 161100     0.1386848217470039      4.125318119172753                      2                    0.2    0.06954617041862834                     10
                 161200     0.5664951099333315      3.974416816552624                      2                    0.2    0.07219501806217749                     10
                 161300      0.167939209007376      3.968411059273677                      2                    0.2    0.07206851211946706                     10
                 161400     0.3108474079623211      3.962651687321799                      2                    0.2    0.07167773759917115                     10
                 161500      0.747537020586109      3.934996197311966                      2                    0.2    0.07274530087828371                     10
                 161600    0.02198211920082226        3.9950255246073                      2                    0.2    0.07165683253099574                     10
                 161700   0.001463783342921669      4.098063055347414                      2                    0.2    0.06977429353894643                     10
                 161800    0.09058802783219526      4.163461297556269                      2                    0.2     0.0677943232279256                     10
                 161900   0.005163325922356659      4.071695008904845                      2                    0.2    0.06990340955174451                     10
                 162000    0.05130618852625236      3.928717208120528                      2                    0.2    0.07171685143076748                     10
                 162100  0.0005782276661801264      3.918628361710699                      2                    0.2    0.07186775549800717                     10
                 162200    0.01513798891367926      4.021011885272131                      2                    0.2    0.07020775045734935                     10
                 162300      0.142496975027726      3.936317713304803                      2                    0.2    0.07069240254158196                     10
                 162400      1.094591296824287      3.758100638954627                      2                    0.2    0.07568215488942226                     10
                 162500      0.954016502270121      3.908925655780097                      2                    0.2    0.07272111783316237                     10
                 162600    0.04776198543519105      3.976044122183639                      2                    0.2    0.07004703147652297                     10
                 162700     0.3775354243216642      3.850474342248921                      2                    0.2    0.07060070058585205                     10
                 162800  0.0002888186427122238      4.078015746814131                      2                    0.2    0.06852293057617728                     10
                 162900      2.119223305689371      4.195683381681063                      2                    0.2    0.08562084454556919                     10
                 163000   0.000501428836057652      4.179898705977029                      2                    0.2    0.06656567592977596                     10
                 163100  0.0006103353945418994      4.143721815029746                      2                    0.2    0.06697869486918358                     10
                 163200      2.186654400147258      4.231319037463827                      2                    0.2    0.08600740308253008                     10
                 163300     0.6368706837272494      4.194956881196346                      2                    0.2    0.06531770701522588                     10
                 163400     0.1226350125695251       4.30513394282484                      2                    0.2    0.06375286514990823                     10
                 163500     0.1060673550545687      4.399776998873099                      2                    0.2    0.06284927110964235                     10
                 163600    0.06302670097452089      4.284862858021635                      2                    0.2    0.06390382387427637                     10
                 163700     0.1482546739606855      4.520400144894841                      2                    0.2    0.06083588929638387                     10
                 163800    0.03377756319255854      4.608502035503067                      2                    0.2    0.05898460078408987                     10
                 163900     0.4946955780947027      4.710075586742773                      2                    0.2    0.05465642848873922                     10
                 164000   7.73144140868767e-05      4.753517978164927                      2                    0.2    0.05425475431897658                     10
                 164100      2.635627790357115      4.614207891844053                      2                    0.2    0.09050747704301815                     10
                 164200    0.09587965708302305      4.519017459745845                      2                    0.2    0.06054595778807515                     10
                 164300     0.4915130028192268      4.416152830362437                      2                    0.2    0.06140487922774644                     10
                 164400   0.005995884060833433      4.424974739895815                      2                    0.2    0.06213609289426433                     10
                 164500    0.01867207553210303      4.516433152719772                      2                    0.2    0.06055395335651689                     10
                 164600    0.04721420105736469      4.549640026419233                      2                    0.2    0.05955850105958733                     10
                 164700      1.274973491688376      4.381167288329777                      2                    0.2     0.0666180707554333                     10
                 164800     0.9559031277497108      4.395613221963295                      2                    0.2     0.0630936974081463                     10
                 164900    0.01767528470857432      4.476040920760967                      2                    0.2    0.06072121928246421                     10
                 165000      0.119383679245425      4.386790730988475                      2                    0.2    0.06121844736364705                     10
                 165100    0.01800987310157633      4.456873504885969                      2                    0.2    0.06069974909176291                     10
                 165200     0.9681724543371646      4.392801078372514                      2                    0.2    0.06266376246445853                     10
                 165300    0.05509180486181186      4.435632415073986                      2                    0.2    0.06049828977607487                     10
                 165400   0.002388479607934274      4.455827599604902                      2                    0.2    0.06037293797659252                     10
                 165500     0.6921311611622467      4.432176399319347                      2                    0.2    0.06008428629507616                     10
                 165600     0.6515866893021519      4.453974925553274                      2                    0.2    0.05950870847515228                     10
                 165700    0.02308365255784673      4.520893566149184                      2                    0.2    0.05890851927099167                     10
                 165800     0.1429940197142024      4.384748832022657                      2                    0.2    0.06006098632723565                     10
                 165900   0.009840171543722841      4.191204854338343                      2                    0.2    0.06405677853751743                     10
                 166000     0.5878189498864723      4.051740311560726                      2                    0.2    0.06671655791547956                     10
                 166100    0.02543361035196595      3.957249271189749                      2                    0.2    0.06891528164099221                     10
                 166200     0.1032409767525695      3.907335127830542                      2                    0.2    0.06926366931321155                     10
                 166300     0.2436877927973636       3.95021147631717                      2                    0.2    0.06796516523795765                     10
                 166400       1.64476626156386      3.953620552354481                      2                    0.2    0.07868299437669679                     10
                 166500     0.6545412183185563      3.865690476549995                      2                    0.2     0.0694898925893406                     10
                 166600      4.794225964410429      3.829088358773099                      2                    0.2     0.1486539119812694                     10
                 166700     0.3285276243101709      3.799042958365456                      2                    0.2    0.06983968598526917                     10
                 166800    0.06204146238818338       3.87759266362364                      2                    0.2     0.0690113545949135                     10
                 166900    0.02186436620052634      3.927845675495009                      2                    0.2    0.06819203558968422                     10
                 167000   0.003197714767955594      3.986617515519717                      2                    0.2    0.06715129123006343                     10
                 167100      4.064083725673429      3.864141078269126                      2                    0.2     0.1343454690882541                     10
                 167200      3.550093176404794      3.740662019173403                      2                    0.2     0.1241962179895608                     10
                 167300     0.1691778412395352      3.684803680234543                      2                    0.2    0.07158278004995967                     10
                 167400    0.09216940951334449        3.8141594463101                      2                    0.2    0.06918465274810015                     10
                 167500      1.205408333689534      3.590409549960388                      2                    0.2    0.07777081224442015                     10
                 167600      1.564059369956692      3.641785129423448                      2                    0.2    0.08094079570617059                     10
                 167700    0.02077579391676519      3.592708890243777                      2                    0.2    0.07362477668066267                     10
                 167800     0.2282142720134432      3.437820991807458                      2                    0.2    0.07748827059350227                     10
                 167900    0.07114903987842358         3.506452920013                      2                    0.2    0.07547024065895266                     10
                 168000      1.081872632762874      3.560779283391039                      2                    0.2    0.07632044150120738                     10
                 168100    0.01728253000390013      3.556726656233913                      2                    0.2    0.07380089700143498                     10
                 168200    0.03469429495892373      3.436999890989693                      2                    0.2    0.07730169234368423                     10
                 168300     0.1728019617881778      3.502197746126781                      2                    0.2        0.0743887321949                     10
                 168400  0.0004168591323164983      3.425820935876361                      2                    0.2    0.07738201976980216                     10
                 168500     0.1165517599538591      3.424389924861856                      2                    0.2    0.07670823809503872                     10
                 168600      0.329475457966441      3.649561336596776                      2                    0.2    0.06992323536000089                     10
                 168700    0.01204085397041408       3.91163903758272                      2                    0.2    0.06735076500708677                     10
                 168800      0.139828873159947      3.815283336348102                      2                    0.2     0.0677406418175016                     10
                 168900      0.179190407728835       3.76499449538308                      2                    0.2    0.06805622023255202                     10
                 169000     0.2119366038021495      3.690779001147634                      2                    0.2    0.06883713964439986                     10
                 169100    0.05994502877905446      3.604774657841228                      2                    0.2    0.07082202758424447                     10
                 169200     0.3214931054976625      3.846314412770358                      2                    0.2    0.06641524724142239                     10
                 169300     0.7261801319042005       3.81512267144527                      2                    0.2    0.06733977293740016                     10
                 169400     0.2054346554520822      3.725205573823633                      2                    0.2    0.06767590002525027                     10
                 169500    0.03040470835866596      3.622668796548197                      2                    0.2    0.06999452993159835                     10
                 169600     0.1130494789611119      3.349047316021329                      2                    0.2    0.07838667641526335                     10
                 169700    0.09899566204168818      3.405184416541333                      2                    0.2    0.07632994543246424                     10
                 169800      0.154646400978435      3.431141951622676                      2                    0.2    0.07497022880724943                     10
                 169900     0.4697624932471045      3.393818892876356                      2                    0.2    0.07595753464334541                     10
                 170000     0.1034709732916558      3.457496759732441                      2                    0.2    0.07372402533895674                     10
                 170100    0.02948878887707835      3.581550736383063                      2                    0.2    0.07007189544876646                     10
                 170200  3.620200750337237e-05      3.386425491818665                      2                    0.2    0.07636074890631192                     10
                 170300     0.8450942312624884      3.470905326481084                      2                    0.2    0.07388299799423466                     10
                 170400     0.4072412171907435      3.516425575238635                      2                    0.2    0.07048810810699895                     10
                 170500      1.500502815554061      3.444316418435776                      2                    0.2    0.08182335112786446                     10
                 170600     0.1544976127469682      3.349616619030714                      2                    0.2    0.07627604998289991                     10
                 170700  0.0002410169400497481      3.548996368010746                      2                    0.2    0.07002963269413326                     10
                 170800      1.396783858670828      3.448135431210195                      2                    0.2    0.07954609693094156                     10
                 170900      1.755983839235093      3.561774897831384                      2                    0.2     0.0813717973314517                     10
                 171000      1.861609764413516      3.610728548570954                      2                    0.2    0.08198878340575758                     10
                 171100     0.7962654032979742      3.615719001116675                      2                    0.2    0.06812611608815181                     10
                 171200    0.01529215239444068      3.630845866927455                      2                    0.2    0.06760256604213184                     10
                 171300      1.078170110107581      3.496399324584953                      2                    0.2    0.07300164492018438                     10
                 171400     0.2496356537162022      3.604920807211366                      2                    0.2    0.06679264293183945                     10
                 171500  2.432466047054327e-05       3.80807068535132                      2                    0.2    0.06609456192991693                     10
                 171600     0.0151178708891226       4.01108910497028                      2                    0.2    0.06510062907009283                     10
                 171700      1.178618990033565      3.781643869700236                      2                    0.2     0.0691344325972275                     10
                 171800  0.0006844922003541659      3.967833831186651                      2                    0.2    0.06516264632802998                     10
                 171900     0.4861364098100003      3.815062947211461                      2                    0.2    0.06452688135308025                     10
                 172000     0.1323123076161513      3.769194905528424                      2                    0.2    0.06493224123383644                     10
                 172100     0.9494449508415528      3.850149567542195                      2                    0.2    0.06626901651037778                     10
                 172200     0.1049594194479135      3.643040330012576                      2                    0.2    0.06584730689405176                     10
                 172300    0.06195502111711217      3.567431833523266                      2                    0.2    0.06732471739445409                     10
                 172400      1.061128839792604      3.584006528907418                      2                    0.2    0.06914396264079403                     10
                 172500     0.1711643870969785      3.298434731227434                      2                    0.2    0.07651934554689556                     10
                 172600     0.3996226841867795      3.210147746554179                      2                    0.2    0.07762918264764435                     10
                 172700     0.9065878035664873       3.32142162908456                      2                    0.2      0.077314303224956                     10
                 172800     0.6633851015890686      3.421782252232227                      2                    0.2    0.07160735813988367                     10
                 172900       0.60248708490684      3.443072222727356                      2                    0.2    0.07028849340878981                     10
                 173000  0.0008834926414998931      3.490730540664087                      2                    0.2    0.06893818960960488                     10
                 173100      0.184980486253315       3.57725457100512                      2                    0.2    0.06562655674678537                     10
                 173200     0.2018700560682394      3.609961983212735                      2                    0.2    0.06482628455430028                     10
                 173300      2.337503066184662       3.72222325967855                      2                    0.2     0.0883279613450566                     10
                 173400      4.566460483289474      3.542065180257444                      2                    0.2     0.1451542305902902                     10
                 173500    0.02676217413917776      3.827044243989192                      2                    0.2    0.06419230859718433                     10
                 173600     0.4179085201392087      4.028347286533474                      2                    0.2    0.06319814867004844                     10
                 173700      1.064480253128401      3.999308644983509                      2                    0.2    0.06639855126560448                     10
                 173800     0.6823319021068938      3.905320233203618                      2                    0.2    0.06359114823559794                     10
                 173900       1.72852264106163      4.029793166487311                      2                    0.2    0.07505791743969334                     10
                 174000     0.9188286345319079      4.055362246124748                      2                    0.2    0.06448315063571383                     10
                 174100     0.2172727393326987      4.131588810249619                      2                    0.2    0.06191456225166653                     10
                 174200       2.41306581988375      4.184607706273066                      2                    0.2     0.0879109190887951                     10
                 174300     0.7653371316255626      4.242351350519394                      2                    0.2    0.06118961865199932                     10
                 174400       1.51614859311978      4.194884694267252                      2                    0.2    0.06927784415984467                     10
                 174500      1.920444585667475      4.540561104200442                      2                    0.2    0.07301818396157567                     10
                 174600      3.493194725388537      4.431207294605493                      2                    0.2     0.1147404501502064                     10
                 174700       4.20266000574455      4.354899594925081                      2                    0.2      0.132564164147995                     10
                 174800      1.835065761236649      4.294935242935578                      2                    0.2      0.072989582447615                     10
                 174900  7.475849554538059e-06      4.141085698507368                      2                    0.2    0.06199043368566156                     10
                 175000    0.02733349588925078      4.200416263403673                      2                    0.2    0.06098964249643746                     10
                 175100    0.03282085938259663      4.157637614718221                      2                    0.2    0.06132366009550407                     10
                 175200    0.07784053887074902       4.18224928497385                      2                    0.2     0.0606657653708414                     10
                 175300      1.407871208516698      4.069191744097953                      2                    0.2    0.06817630318969199                     10
                 175400    0.07007264311403176      4.039344933006562                      2                    0.2    0.06192879295696165                     10
                 175500      2.040558101494049      3.997871924735936                      2                    0.2    0.07942722281732156                     10
                 175600     0.9847341063193094      3.932669798771508                      2                    0.2    0.06398790141231292                     10
                 175700   0.000893007349041165      4.068928886713795                      2                    0.2    0.06164191748174617                     10
                 175800    0.08728561173737467      3.971960238103581                      2                    0.2    0.06174994976395668                     10
                 175900    0.01589158022200675      4.026072599737747                      2                    0.2    0.06159248545816143                     10
                 176000    0.01473609669251426      3.974698161116365                      2                    0.2    0.06177595368653933                     10
                 176100     0.9362927654202988      3.818081645320925                      2                    0.2    0.06355856776743775                     10
                 176200    0.05034927675990987      3.955707008741442                      2                    0.2    0.06144594875190863                     10
                 176300   0.002957820908188242      4.161103552959506                      2                    0.2    0.06017148156135656                     10
                 176400  0.0004596836480728665      4.091949702439431                      2                    0.2    0.06057913846049907                     10
                 176500     0.1745982353873161      4.147909282313547                      2                    0.2    0.05926286785034518                     10
                 176600      1.305898045845915      4.248455023650784                      2                    0.2    0.06366641967998314                     10
                 176700     0.6279243541259617      4.283490085522253                      2                    0.2     0.0581097094298885                     10
                 176800      0.052378494163639      4.305969014114739                      2                    0.2    0.05841754257412475                     10
                 176900     0.1506316193897428      4.190879217068362                      2                    0.2    0.05851133822049902                     10
                 177000     0.7633238384056098      4.242126917998032                      2                    0.2    0.05848740650368617                     10
                 177100     0.1748244449913613      4.311503524020807                      2                    0.2    0.05753264054771617                     10
                 177200  0.0006735715637815097      4.283252692434443                      2                    0.2    0.05824591714955796                     10
                 177300    0.08835126510501923      4.198495054412835                      2                    0.2    0.05818676273384909                     10
                 177400     0.1785415040989607      4.178110746948791                      2                    0.2    0.05790098963395118                     10
                 177500  0.0002472279569325748      4.342392113226383                      2                    0.2    0.05780077634310429                     10
                 177600     0.1293826161882145      4.247068593051727                      2                    0.2    0.05729822665446142                     10
                 177700    0.07841353846986288      4.177821225175284                      2                    0.2    0.05791566149840489                     10
                 177800  0.0001442785286711574      4.054777093030868                      2                    0.2    0.05954961126928219                     10
                 177900     0.4222992718359567      3.932401877783066                      2                    0.2    0.05975181747094208                     10
                 178000      1.451132617932946      4.001992332732254                      2                    0.2    0.06658036159938051                     10
                 178100   0.005297810390412051      3.994445105587999                      2                    0.2     0.0598154128250869                     10
                 178200     0.2269655111091137      4.067440700742939                      2                    0.2    0.05803636612071997                     10
                 178300    0.01421353309045665      4.075136851434269                      2                    0.2    0.05860514668204121                     10
                 178400     0.3137883356411347      4.061766458246405                      2                    0.2    0.05768795015484755                     10
                 178500      1.148944930718766      4.241376985249785                      2                    0.2    0.05993458546602184                     10
                 178600     0.0682325371972317      4.406324244145994                      2                    0.2    0.05696757901889814                     10
                 178700    0.08532667131979564      4.243569919073977                      2                    0.2    0.05650431021972276                     10
                 178800     0.4187328294896205      4.336106812088641                      2                    0.2    0.05569173252285445                     10
                 178900   0.001686239045592855      4.348269010685081                      2                    0.2    0.05671930100491007                     10
                 179000    0.05701984529200041      4.197162334035815                      2                    0.2    0.05653959958850693                     10
                 179100    0.04273650948183978      4.262498593542311                      2                    0.2    0.05616910708248025                     10
                 179200     0.9629886501701702      4.228652507852518                      2                    0.2     0.0575342658729578                     10
                 179300    0.01611011041635576      4.059815268189803                      2                    0.2    0.05792743632642321                     10
                 179400     0.8231343146193201      4.138936188901004                      2                    0.2    0.05714893536243386                     10
                 179500    0.01506619269880144      4.028111625159312                      2                    0.2     0.0581289424760834                     10
                 179600       0.68401707983092       4.06330535418911                      2                    0.2    0.05717150401562607                     10
                 179700  0.0002534050163534744      4.205131783352993                      2                    0.2    0.05600650566499446                     10
                 179800      1.319687010840827      4.296143952051935                      2                    0.2     0.0604579210520069                     10
                 179900      0.033728031964358      4.388711809326104                      2                    0.2    0.05598948887444875                     10
                 180000     0.6270742871019436       4.42613405417509                      2                    0.2    0.05552407664801556                     10
                 180100     0.1000154777357251      4.444134194197527                      2                    0.2    0.05581325569660375                     10
                 180200     0.5035682077946249      4.302513855466211                      2                    0.2    0.05432056044395594                     10
                 180300      2.956451363260213      4.230619924059578                      2                    0.2    0.09578304438657277                     10
                 180400      2.167214729128193      4.100870380507581                      2                    0.2    0.07645821597911481                     10
                 180500    0.06317967860074265      3.844754863491898                      2                    0.2    0.06034456579392728                     10
                 180600      1.795236325567801      3.839759769563431                      2                    0.2    0.07267409954060702                     10
                 180700  0.0001594798864372542      3.800349789743091                      2                    0.2     0.0611356708727961                     10
                 180800     0.3661754978829947      3.696189549984799                      2                    0.2    0.06152732778219717                     10
                 180900      2.476209133594966      3.729634835790794                      2                    0.2     0.0887762167686918                     10
                 181000     0.0518141615938275      3.762610888613683                      2                    0.2    0.06107503713488129                     10
                 181100      1.309507110346973      3.529166281788353                      2                    0.2    0.07109763624167612                     10
                 181200     0.9333065546984639      3.545318448552431                      2                    0.2    0.06654009692827303                     10
                 181300     0.4123633715747028      3.415724027236386                      2                    0.2    0.06973461904751603                     10
                 181400     0.2582613002417872      3.349873781548709                      2                    0.2    0.07261376642103293                     10
                 181500   0.000282104406248165      3.447031288791681                      2                    0.2    0.06894373830232593                     10
                 181600     0.3415962312795938      3.478786850328788                      2                    0.2    0.06638687576993708                     10
                 181700     0.2106826127387268      3.586886430872759                      2                    0.2    0.06292134467766616                     10
                 181800      1.451072522464854      3.753186675999002                      2                    0.2    0.06710666146387857                     10
                 181900    0.01158783748494388      3.775548085371717                      2                    0.2    0.06042281772443368                     10
                 182000      2.485659083992783      3.673073428975179                      2                    0.2    0.08871249820609894                     10
                 182100     0.2433184414368782      3.719176788091737                      2                    0.2    0.05996964948541828                     10
                 182200      1.409111766869521      3.746479654947985                      2                    0.2    0.06598099253735597                     10
                 182300    0.04020363104738298      3.924182685675333                      2                    0.2    0.05799841655188436                     10
                 182400      1.332314913118027      3.735360183486268                      2                    0.2     0.0648734348954849                     10
                 182500      1.437206653337316       3.72370132106319                      2                    0.2    0.06622506953517435                     10
                 182600     0.6997892153788569       3.72412117321411                      2                    0.2    0.05956207886758419                     10
                 182700     0.3377586673425503      3.643285003308973                      2                    0.2    0.06028335013272093                     10
                 182800     0.9350579510044289      3.640817731998663                      2                    0.2    0.06194651341191059                     10
                 182900     0.0324654770023894      3.453393419433548                      2                    0.2    0.06734514924325433                     10
                 183000    0.01654684760692744      3.301122440082169                      2                    0.2    0.07431789131030603                     10
                 183100     0.4019633563822942       3.39328867873428                      2                    0.2    0.06908181027585358                     10
                 183200      1.033226735357004      3.388331788557489                      2                    0.2    0.07221170258711519                     10
                 183300     0.5712619754106369      3.309014888940151                      2                    0.2    0.07294195935358309                     10
                 183400      1.732992304302253      3.418086502154793                      2                    0.2    0.07989410058640264                     10
                 183500     0.9846046789879737      3.323420122543929                      2                    0.2    0.07433153514410809                     10
                 183600     0.6656498789333574      3.179932007657042                      2                    0.2    0.07607173806362721                     10
                 183700     0.7531217760597937      3.266865324267698                      2                    0.2    0.07447815778281938                     10
                 183800     0.1595520506736558      3.095788756979749                      2                    0.2    0.07538803157082256                     10
                 183900     0.3294965947390065      3.146902790131389                      2                    0.2    0.07493539802785909                     10
                 184000   0.002924170607969663      3.253546923240057                      2                    0.2    0.07409293493765762                     10
                 184100     0.2030782690799644      3.211307880012988                      2                    0.2    0.07405928986633084                     10
                 184200     0.0636680371452905      3.340960520276314                      2                    0.2    0.07037641672536939                     10
                 184300     0.5968239765317371      3.298064704259343                      2                    0.2    0.07158948664422526                     10
                 184400    0.00112631332368527      3.313515349432191                      2                    0.2    0.07135514945832548                     10
                 184500     0.1313685454931855      3.443928896745124                      2                    0.2    0.06522236718620351                     10
                 184600    0.00906814349413472      3.411122431843378                      2                    0.2    0.06694269453313351                     10
                 184700     0.7557795865580231      3.442599880509796                      2                    0.2     0.0654159236274615                     10
                 184800     0.5816880063766041      3.544197767443162                      2                    0.2    0.06107971884188908                     10
                 184900     0.1179679981544618      3.665491583356207                      2                    0.2     0.0592614596739811                     10
                 185000     0.1221459431773876      3.666786941342982                      2                    0.2    0.05908778436073563                     10
                 185100        2.9454643554033      3.778658972519317                      2                    0.2    0.09738013328487538                     10
                 185200      1.176277966762414      3.918596707935691                      2                    0.2    0.06040004876106515                     10
                 185300    0.06756165367331599      4.010973218131904                      2                    0.2    0.05630047491195373                     10
                 185400      1.144474025064259      3.900988452964263                      2                    0.2    0.05993121395975073                     10
                 185500   0.002380370930780692      3.854930916150376                      2                    0.2    0.05768648185821373                     10
                 185600   0.006778833048931305      3.810077858130187                      2                    0.2    0.05788698217550607                     10
                 185700      1.089759975731843      3.717074462025193                      2                    0.2    0.06028015850968393                     10
                 185800    0.06520095763148867      3.654577377796183                      2                    0.2     0.0588429209015839                     10
#! FIELDS time cv_water_cyl cv_zdist sigma_cv_water_cyl sigma_cv_zdist height biasf
#! SET multivariate false
#! SET kerneltype stretched-gaussian
                 185900      2.720024269087403      3.658316772301879                      2                    0.2    0.09172457964376338                     10
                 186000      3.591259744525867      3.669192753729938                      2                    0.2     0.1152895166249562                     10
                 186100      1.813408885400339      3.373378854451238                      2                    0.2    0.08097695004519798                     10
                 186200      1.846225098666216       3.52790054124371                      2                    0.2    0.07418463238571614                     10
                 186300      2.363034420540397      3.449417952325552                      2                    0.2    0.08865081105161479                     10
                 186400      1.340918021560925      3.565163502145811                      2                    0.2    0.06461495294977265                     10
                 186500      3.109976470230718      3.458143974118769                      2                    0.2     0.1073990012965367                     10
                 186600       3.94192719720408      3.583286533179097                      2                    0.2     0.1248483943697812                     10
                 186700      2.192632058107963      3.457473377863547                      2                    0.2    0.08320959550078019                     10
                 186800     0.8759213775421336      3.518844287934165                      2                    0.2    0.06117558166914294                     10
                 186900      2.886188724525281      3.411193447492824                      2                    0.2     0.1023553775176529                     10
                 187000      5.329514020502129       3.34311257562825                      2                    0.2     0.1553724775800369                     10
                 187100       2.03861569871198      3.334612916522481                      2                    0.2     0.0854432942633407                     10
                 187200      3.582351356829022      3.569259728484754                      2                    0.2      0.114101452372768                     10
                 187300      1.643742836638544      3.369069332237592                      2                    0.2    0.07590588018784077                     10
                 187400      2.077162370576228      3.325204917766419                      2                    0.2    0.08603823077053935                     10
                 187500       2.16726759872255       3.49781686449054                      2                    0.2    0.07915219063607699                     10
                 187600      4.349135100023132       3.47813374498168                      2                    0.2     0.1342215958755254                     10
                 187700       3.02397880511246      3.345800883072309                      2                    0.2      0.106765945690895                     10
                 187800      1.848991000436468      3.306548742965511                      2                    0.2    0.08160066590332242                     10
                 187900      2.890513708111543      3.367931603290419                      2                    0.2     0.1014743557445754                     10
                 188000      2.579100661027609      3.323912488672502                      2                    0.2    0.09568163876187531                     10
                 188100      1.423117665175311      3.259432111042516                      2                    0.2    0.07631630059778442                     10
                 188200      2.306122479498396      3.384002942438556                      2                    0.2    0.08567132743786783                     10
                 188300      2.271110526968139      3.362612405141075                      2                    0.2    0.08571559101607222                     10
                 188400      2.145120012365392      3.426465249220456                      2                    0.2    0.07961741266438224                     10
                 188500       2.27158279845552      3.385212996641879                      2                    0.2    0.08400591306212483                     10
                 188600       2.81213786312775      3.420364040127614                      2                    0.2    0.09473932459715724                     10
                 188700      2.293517094396421      3.279229651724808                      2                    0.2    0.08946229779959615                     10
                 188800      3.157884302593423      3.468863857578343                      2                    0.2     0.1011931803522119                     10
                 188900      1.514219547078516      3.250913235231708                      2                    0.2    0.07637944199752568                     10
                 189000      2.186847679082836       3.24802457051798                      2                    0.2    0.08797657072278543                     10
                 189100      3.190102871210136      3.186687569547487                      2                    0.2     0.1139949830203753                     10
                 189200      3.262280682457652      3.231350187416448                      2                    0.2     0.1133303564497352                     10
                 189300      2.597819021751613      3.272689510884117                      2                    0.2     0.0947541554371264                     10
                 189400      2.795119231144178      3.278927688007082                      2                    0.2    0.09872212903740726                     10
                 189500      3.340955818419837      3.355187140464741                      2                    0.2     0.1082528864417277                     10
                 189600      5.198202894875819      3.213174349484573                      2                    0.2       0.15068731110931                     10
                 189700        2.7743979686877      3.360980188457969                      2                    0.2     0.0932872372707598                     10
                 189800      3.910323808176725      3.337555690447523                      2                    0.2     0.1216003815130204                     10
                 189900      2.702532212299763      3.137742924796152                      2                    0.2     0.1012606288790466                     10
                 190000      2.165115413714348      3.193636451191338                      2                    0.2    0.08705456535659988                     10
                 190100      2.645494580476815      3.279276047856763                      2                    0.2     0.0929215355324236                     10
                 190200      1.896335375967061      3.305248468725784                      2                    0.2    0.07664695454685157                     10
                 190300      2.257159810155208      3.393032683372489                      2                    0.2    0.07908210707712578                     10
                 190400      1.996878313648751      3.445907746694655                      2                    0.2    0.07218582734331881                     10
                 190500      3.400252027106939      3.278354008524623                      2                    0.2     0.1097336793369365                     10
                 190600      1.870946803681273      3.082447745278918                      2                    0.2    0.08428364290302112                     10
                 190700      2.014822305667888      3.157330287677322                      2                    0.2     0.0840933621949482                     10
                 190800      2.481296079255346      3.175792327704267                      2                    0.2    0.09232100496667747                     10
                 190900       3.16807275572031      3.256391815733013                      2                    0.2      0.103940355996929                     10
                 191000       2.70564771609388      3.276286884652157                      2                    0.2    0.09188742055811698                     10
                 191100      3.064231429203685      3.186531721874511                      2                    0.2     0.1040231126316609                     10
                 191200       3.01372311611002      3.318516118623597                      2                    0.2    0.09644718303053075                     10
                 191300      1.219829844396431      3.249363252507219                      2                    0.2      0.068631222701612                     10
                 191400      3.286130245366299      3.139617375002954                      2                    0.2     0.1106515097254494                     10
                 191500      1.226322608992404      3.044172548647182                      2                    0.2    0.07467556945038654                     10
                 191600      2.398234713742866      2.957824484789896                      2                    0.2      0.096793253291639                     10
                 191700      2.867703543037637      2.933108588881007                      2                    0.2     0.1084409915010788                     10
                 191800      4.307043429221246      3.108226894528645                      2                    0.2     0.1338436849599069                     10
                 191900      1.734121776699467      3.146214659796843                      2                    0.2    0.07722084957193824                     10
                 192000      2.232959623495464      3.146296297717941                      2                    0.2    0.08530515666574315                     10
                 192100      2.282248816111462      3.095168753879996                      2                    0.2    0.08785994446877526                     10
                 192200      1.877107296036083      3.250144622211085                      2                    0.2    0.07485138392085075                     10
                 192300      1.856924186091605      3.127871701381872                      2                    0.2    0.07868768775973642                     10
                 192400      2.099902884524294      2.956730085893806                      2                    0.2    0.08864593184265335                     10
                 192500       2.42077458729002      2.946193495397235                      2                    0.2    0.09545602761501117                     10
                 192600      2.732012894544558      3.164362200648727                      2                    0.2     0.0933553394173372                     10
                 192700      5.379004165274857      3.247387855962407                      2                    0.2     0.1457320338214306                     10
                 192800      3.063114250568689      3.034515545562501                      2                    0.2      0.105838163711463                     10
                 192900      2.106122916574478      3.084268999038006                      2                    0.2    0.08296193465878463                     10
                 193000      1.844763006282412      3.026246360160647                      2                    0.2    0.08017482347934349                     10
                 193100      4.948104753273308      3.133681786987475                      2                    0.2     0.1408779105989617                     10
                 193200      2.606393943425838      3.296155965919837                      2                    0.2    0.08475582784383742                     10
                 193300      3.383574277059347      3.216993188160412                      2                    0.2     0.1041136536494398                     10
                 193400      2.765252268988873      3.216260908639008                      2                    0.2    0.08994130386022305                     10
                 193500       2.31533013385953      3.172034519954941                      2                    0.2     0.0823096594633393                     10
                 193600      4.074316279247656      3.000777801231198                      2                    0.2     0.1285817394294855                     10
                 193700      3.398274529606628      2.948893250377148                      2                    0.2     0.1154045563088888                     10
                 193800      5.805298835121442      3.082177544196501                      2                    0.2     0.1518886558598256                     10
                 193900      2.961950348090996      3.102561576225179                      2                    0.2    0.09709778321812861                     10
                 194000       4.44782638645541      2.972579460656123                      2                    0.2     0.1354070284508939                     10
                 194100      2.389547331683004      3.130700491163562                      2                    0.2     0.0837859525625681                     10
                 194200      2.661559089322385      3.120976965206697                      2                    0.2    0.08909471603083347                     10
                 194300      2.413080429780906      3.001192937170945                      2                    0.2    0.08869104819948394                     10
                 194400      5.052071206253649       2.96853412406543                      2                    0.2     0.1442505831278795                     10
                 194500      2.447873569600351       3.21579068718126                      2                    0.2    0.08142192152292736                     10
                 194600      2.374160428550025      3.108666352616343                      2                    0.2    0.08302011273359666                     10
                 194700      3.479561499280527      3.123499795013027                      2                    0.2     0.1051975696836082                     10
                 194800      2.720242391949689      3.209111041130848                      2                    0.2    0.08596862922607416                     10
                 194900      3.971685120331322      3.308391696479539                      2                    0.2     0.1119134078824214                     10
                 195000      3.326767245363719      3.313477238628494                      2                    0.2     0.0965083193581325                     10
                 195100      1.636476229845635       3.33948442595104                      2                    0.2    0.06533384624874232                     10
                 195200      1.923409128283299      3.225244845814261                      2                    0.2    0.07133541314902082                     10
                 195300      3.668842316614558      3.047535439526674                      2                    0.2     0.1114384611037419                     10
                 195400      3.907655677664525      3.264285287662743                      2                    0.2     0.1091690057472896                     10
                 195500      1.898316296300847      3.184820504347393                      2                    0.2     0.0715231808745198                     10
                 195600      2.781058320838196      3.313120080665287                      2                    0.2    0.08325910022089197                     10
                 195700      3.075170386274594      3.321891854842514                      2                    0.2    0.08908728166896099                     10
                 195800      1.999191089374755      3.201362139860702                      2                    0.2    0.07183352783639396                     10
                 195900      2.211889552747735      3.424399251178404                      2                    0.2    0.07116147920931461                     10
                 196000      3.696987704227413      3.461171872527542                      2                    0.2     0.1045949539454754                     10
                 196100      3.502197097019068      3.464803491910292                      2                    0.2    0.09939485558861386                     10
                 196200      2.998488011467496       3.52836400168913                      2                    0.2    0.08805378030978149                     10
                 196300      2.310303134886929       3.40713050480252                      2                    0.2    0.07206968094922685                     10
                 196400      3.325808202811374      3.296808524626252                      2                    0.2    0.09315350537182131                     10
                 196500       3.51808029238633      3.386821447443063                      2                    0.2    0.09719261228147602                     10
                 196600      2.333101901945856       3.41530476213385                      2                    0.2    0.07179404397838536                     10
                 196700      1.587378035434036      3.424619011596382                      2                    0.2    0.06108207126105211                     10
                 196800      2.587535059662053      3.554098035485682                      2                    0.2    0.07792212450635039                     10
                 196900      2.605482168013861      3.638412921817279                      2                    0.2    0.08018812063851143                     10
                 197000       3.72741054891147      3.541420819556286                      2                    0.2     0.1049680112476582                     10
                 197100      2.868305774721791      3.737107119975247                      2                    0.2    0.08883846831000601                     10
                 197200      1.376564557376298      3.698790588008121                      2                    0.2    0.05932432246238125                     10
                 197300      2.343313164978909      3.766915543785789                      2                    0.2    0.07649406594122722                     10
                 197400       2.57323621437266       3.86209241133275                      2                    0.2    0.08341415190288953                     10
                 197500      4.300391099175137      3.937139330713796                      2                    0.2     0.1293715161806319                     10
                 197600      1.806134391937684      3.933533413842948                      2                    0.2    0.06724450273583706                     10
                 197700      3.484670254349006      4.012831944474549                      2                    0.2     0.1087204445800334                     10
                 197800      2.528791170241696       3.93575415213901                      2                    0.2    0.08217048230772367                     10
                 197900      3.749933910023489       3.74974876945989                      2                    0.2     0.1106513755877569                     10
                 198000      1.818890915415098      3.933309987889405                      2                    0.2    0.06676249966390085                     10
                 198100      2.514955855317519      3.884426217017221                      2                    0.2    0.08060339905344606                     10
                 198200       1.36708736554611      3.947415205178345                      2                    0.2    0.05984172995483791                     10
                 198300      3.163592126660985      3.852614342671821                      2                    0.2    0.09620699044300808                     10
                 198400      2.725249120975565      4.027345786439094                      2                    0.2    0.08654569083715816                     10
                 198500       2.71099214369686      3.857804856830189                      2                    0.2    0.08406675658764576                     10
                 198600      3.605883835594089      3.888529447078687                      2                    0.2     0.1076287276332161                     10
                 198700      2.773232217931076      3.834074950518461                      2                    0.2    0.08466596934681481                     10
                 198800      1.779975927549989      3.686792927229931                      2                    0.2    0.06269769640480512                     10
                 198900      4.220353210425498      3.666276841534478                      2                    0.2     0.1183776881459374                     10
                 199000       2.75085810113801      3.395540641325585                      2                    0.2    0.07831321957530345                     10
                 199100      2.208580419800941      3.371086273493564                      2                    0.2    0.06872110479526015                     10
                 199200      4.405460537384636      3.501075005292925                      2                    0.2     0.1179014949679465                     10
                 199300      3.315228538838012      3.447587508669628                      2                    0.2    0.08998093268855935                     10
                 199400      2.521286431341245      3.658277185281092                      2                    0.2    0.07504984057257222                     10
                 199500      4.139094951321431      3.643039968305144                      2                    0.2      0.114181613656773                     10
                 199600      2.460406656113189      3.663594595829787                      2                    0.2     0.0733982899947444                     10
                 199700      4.186246306367269       3.55913308439443                      2                    0.2     0.1123772571233263                     10
                 199800      4.458330573101643      3.522833484790974                      2                    0.2     0.1174762118083969                     10
                 199900      2.821405014645062      3.588595164007623                      2                    0.2    0.07911760258928031                     10
                 200000      1.480629351465055      3.635634093284715                      2                    0.2     0.0572210557587093                     10
                 200100       3.21004221589516      3.444586831949408                      2                    0.2    0.08581038905183812                     10
                 200200      1.517773215344731      3.344569270001681                      2                    0.2    0.06016044131837443                     10
                 200300      3.229766638867588      3.465206807233791                      2                    0.2    0.08591911862428468                     10
                 200400      2.245001753417725       3.57022197379885                      2                    0.2    0.06665706954302388                     10
                 200500      1.374783154102899       3.75600424118398                      2                    0.2    0.05695119285120639                     10
                 200600      2.860735175983236      3.631223536058801                      2                    0.2    0.07969354860212996                     10
                 200700      2.093627577708819      3.449972114412805                      2                    0.2    0.06383441773268311                     10
                 200800      2.541469946659245      3.613700333860086                      2                    0.2    0.07215356958805645                     10
                 200900      4.337505411842812      3.634217591762519                      2                    0.2     0.1153101400030667                     10
                 201000      3.742791501296877       3.64972144888069                      2                    0.2     0.1005905815863995                     10
                 201100      2.911401697348686      3.476255349680249                      2                    0.2    0.07754469034874779                     10
                 201200      3.262413564814317        3.4303541623839                      2                    0.2    0.08490430181055565                     10
                 201300      3.070704707938302      3.225470180326006                      2                    0.2    0.08594104186321182                     10
                 201400       2.60289890286733       3.16958198848476                      2                    0.2     0.0795046391899852                     10
                 201500      2.281420685898969      3.095752608820151                      2                    0.2      0.077562515358182                     10
                 201600      1.272837576463126       3.10603841512278                      2                    0.2    0.06551803004105566                     10
                 201700       2.14229109509895      3.285141855681411                      2                    0.2    0.06717346664291739                     10
                 201800       3.30734940369687      3.330196870071013                      2                    0.2    0.08626572017739256                     10
                 201900      3.134082442231294      3.350277866707938                      2                    0.2     0.0819250459567004                     10
                 202000      1.145360588827221       3.41484742294406                      2                    0.2    0.05458338774821773                     10
                 202100      3.577101395005229      3.361233538680601                      2                    0.2    0.09094732759911026                     10
                 202200      3.895112456415904      3.249662797768915                      2                    0.2      0.100651733252976                     10
                 202300      1.551445724537994       3.27137445184044                      2                    0.2    0.06067053010778341                     10
                 202400      2.825127699472646      3.275257930225715                      2                    0.2    0.07697121109832059                     10
                 202500      2.769890708039864      3.373335424590927                      2                    0.2     0.0732259419951522                     10
                 202600      1.893522541302618      3.219805972823337                      2                    0.2     0.0652116117826689                     10
                 202700      1.967327951125564      3.177134321671904                      2                    0.2    0.06765604196209966                     10
                 202800      1.840890668268173      2.950036688389655                      2                    0.2    0.07767689219182972                     10
                 202900      1.445441010860153      3.060691488610336                      2                    0.2    0.06724111311040858                     10
                 203000      2.023305320532533      2.963844023704517                      2                    0.2    0.07915042494342407                     10
                 203100      2.771529274820078      2.971941464388863                      2                    0.2      0.092224242998213                     10
                 203200      1.734786811732669      3.035705525106719                      2                    0.2    0.07067957023061611                     10
                 203300      4.237680559569153      2.810526196744624                      2                    0.2     0.1359769866319561                     10
                 203400      2.502870507145718      2.859375416870437                      2                    0.2    0.09425161997843147                     10
                 203500      2.594627552329066      3.001026903284817                      2                    0.2    0.08555073731934563                     10
                 203600      2.128566670719806      3.066391499121922                      2                    0.2     0.0735648440653648                     10
                 203700      3.405615698581103      2.977302788072109                      2                    0.2     0.1038947314051535                     10
                 203800      2.985431789091971      3.149042506235592                      2                    0.2    0.08344963414719994                     10
                 203900      2.038167474484533      2.969626360239843                      2                    0.2    0.07700121336151369                     10
                 204000      1.868556175046196      2.956671758210295                      2                    0.2    0.07510423581464312                     10
                 204100      3.092572105429215       2.81292214309731                      2                    0.2     0.1090758955300423                     10
                 204200      3.023894606563718      2.749088190052179                      2                    0.2     0.1119306346470078                     10
                 204300       3.51687078038418      2.783582758603165                      2                    0.2     0.1198242002255152                     10
                 204400      2.494324332636768      2.854154953241276                      2                    0.2    0.09173973883643693                     10
                 204500      1.338853029583101      2.822160260959899                      2                    0.2    0.07618162043265811                     10
                 204600      1.369264186135557      2.709312375774989                      2                    0.2    0.08352130647970293                     10
                 204700       2.86916651104393      2.653859398709466                      2                    0.2     0.1130622335140031                     10
                 204800      2.545094715502968      2.637041996540876                      2                    0.2     0.1067288331718287                     10
                 204900       3.19917740999261      2.583020380664733                      2                    0.2     0.1229878041154036                     10
                 205000      3.974448253120715       2.51965578045677                      2                    0.2     0.1400525297381615                     10
                 205100      2.621662823117301      2.550769379924912                      2                    0.2     0.1116367854784663                     10
                 205200      3.149355389506787      2.652734660016138                      2                    0.2     0.1166809829998537                     10
                 205300      2.141111633981884      2.627615500688449                      2                    0.2    0.09747068712380573                     10
                 205400      3.844724910522547      2.634808131359289                      2                    0.2     0.1308993914379422                     10
                 205500       4.65071103687986       2.56295338742812                      2                    0.2     0.1463992005379285                     10
                 205600      3.142819480093986      2.528521011882411                      2                    0.2     0.1208125495890228                     10
                 205700      1.808640018971254      2.608432665683493                      2                    0.2    0.09199220732881512                     10
                 205800      1.225919949027015      2.561115444633648                      2                    0.2    0.08765239287530083                     10
                 205900      2.815401455628828      2.638974982800324                      2                    0.2     0.1075208406359962                     10
                 206000      2.864665947293433      2.604516930085641                      2                    0.2      0.109774650862721                     10
                 206100      1.304477426685583      2.613026123620852                      2                    0.2    0.08461384963288714                     10
                 206200      1.657956142153475      2.601490840788124                      2                    0.2    0.08874676366127297                     10
                 206300      3.115380544620642      2.610155375286306                      2                    0.2     0.1134835255766462                     10
                 206400      3.041824695910438      2.699717939853651                      2                    0.2     0.1072783198241627                     10
                 206500      2.885473465544398       2.70483657806882                      2                    0.2     0.1033492901553452                     10
                 206600      3.745520319614865      2.803529426530549                      2                    0.2     0.1166539873563355                     10
                 206700      2.155385166216276      2.723516888671529                      2                    0.2    0.08810898158969889                     10
                 206800      2.203884600545847      2.840780357307809                      2                    0.2    0.08268490805524056                     10
                 206900      1.791996672078517      2.740272576208385                      2                    0.2    0.08140125066636905                     10
                 207000      3.397038373308144      2.635390322517406                      2                    0.2     0.1155333116453617                     10
                 207100       5.04333395362453      2.568653842678781                      2                    0.2     0.1467537048612067                     10
                 207200      1.400718010060248      2.667094441352027                      2                    0.2    0.08024780772073772                     10
                 207300      5.193683801001648      2.443808000944259                      2                    0.2     0.1518973056429273                     10
                 207400      2.172947097532743       2.55325216958259                      2                    0.2    0.09604527835722958                     10
                 207500      1.652497829152717      2.537504547048536                      2                    0.2    0.08966507916913691                     10
                 207600      2.169675352365986      2.308084348466622                      2                    0.2     0.1162328567029518                     10
                 207700      2.043353401699401      2.305313898386848                      2                    0.2     0.1142784012709975                     10
                 207800        2.5896890194564      2.442782696035149                      2                    0.2     0.1094773877935659                     10
                 207900      3.268946643609821      2.545916315696839                      2                    0.2     0.1146024618591829                     10
                 208000      2.452594147802145        2.5117922376085                      2                    0.2     0.1012653914357467                     10
                 208100      2.090507218011957      2.471668487681216                      2                    0.2    0.09809149627870854                     10
                 208200      1.961653162415129      2.708460412484765                      2                    0.2    0.08307116168385578                     10
                 208300      2.949662198379397      2.584428233976656                      2                    0.2     0.1049891339986979                     10
                 208400      1.788104722711497      2.642976678450916                      2                    0.2    0.08311686710267438                     10
                 208500       3.04192518060725      2.600730691874494                      2                    0.2     0.1052611356010879                     10
                 208600      2.523550210920889      2.838607816960977                      2                    0.2    0.08608941649699359                     10
                 208700      1.851723307410196      3.102626472667524                      2                    0.2     0.0662967494223745                     10
                 208800      1.509010017696619      3.013777721811119                      2                    0.2    0.06551598234932504                     10
                 208900      2.468919432751996      2.988734980927571                      2                    0.2    0.07858716686673459                     10
                 209000      1.801818888503808       2.92325868233047                      2                    0.2    0.07107046367473836                     10
                 209100      4.210445448899517      2.894275270850622                      2                    0.2     0.1189324232184635                     10
                 209200      3.067997621000485      3.162718916522229                      2                    0.2    0.08230793671831312                     10
                 209300      1.766942674011664      3.124799048238303                      2                    0.2    0.06396017493701082                     10
                 209400      2.847575047668169      3.094085853029213                      2                    0.2    0.08020228015930254                     10
                 209500      1.363770128170645      3.229412936290013                      2                    0.2    0.05825936717816807                     10
                 209600      1.173533402731479      3.467285821287771                      2                    0.2    0.05279382045198525                     10
                 209700      3.182679406620267       3.44427459358292                      2                    0.2    0.07988527392521021                     10
                 209800      2.227041186009862      3.315808537209403                      2                    0.2    0.06367880496585226                     10
                 209900      4.182559747448833      3.199043530066689                      2                    0.2     0.1041964523325243                     10
                 210000      2.611397296072083      3.016595277362313                      2                    0.2    0.07837039153492895                     10
                 210100      1.684450742272074      2.917443936868946                      2                    0.2    0.06899590323069539                     10
                 210200      3.021195191931507       3.12260982003917                      2                    0.2    0.08122090713157037                     10
                 210300      2.165611195350508      2.979130017262948                      2                    0.2    0.07218098599067604                     10
                 210400      2.169470771126623      3.062840460123919                      2                    0.2    0.06896282372131961                     10
                 210500      3.596369336055841      3.015987951623023                      2                    0.2    0.09728829425530004                     10
                 210600      2.481611973544744      3.113826358071021                      2                    0.2    0.07132507521006179                     10
                 210700      3.765155990257967      3.149571022272005                      2                    0.2    0.09465314544657752                     10
                 210800      3.994824694497559       2.94286159190422                      2                    0.2     0.1090724955884079                     10
                 210900      1.404113706816395      2.915303827612458                      2                    0.2    0.06562146998250375                     10
                 211000      2.397068392107983      3.006330548886849                      2                    0.2    0.07320227503533985                     10
                 211100      2.487681212007972      2.919254944094849                      2                    0.2      0.078267366432617                     10
#! FIELDS time cv_water_cyl cv_zdist sigma_cv_water_cyl sigma_cv_zdist height biasf
#! SET multivariate false
#! SET kerneltype stretched-gaussian
                 210400      2.778605642935236      3.069387556694119                      2                    0.2    0.07665562093746156                     10
                 210500      2.720397663866548      3.099883004188523                      2                    0.2    0.07434905244218085                     10
                 210600      2.647678031482958      3.110388494738837                      2                    0.2    0.07259265406658315                     10
                 210700      3.493164596635485      3.068618098364862                      2                    0.2    0.09005648070245162                     10
                 210800      2.020209145138624       2.97439391818757                      2                    0.2    0.06812690339856234                     10
                 210900      1.784025419551685       3.07983000101874                      2                    0.2    0.06203797922234034                     10
                 211000      1.976970816594549      3.145358299052196                      2                    0.2    0.06214274856826032                     10
                 211100      3.688303697506028      3.255841940208684                      2                    0.2    0.08851596889627328                     10
                 211200      2.633178418408783      3.043503332968044                      2                    0.2    0.07360355068392196                     10
                 211300      2.015162627555241      3.265370038279841                      2                    0.2    0.05998284065148802                     10
                 211400      2.364227455525877      3.141661982333277                      2                    0.2    0.06616558665474531                     10
                 211500      2.906707577468203      3.118593842082444                      2                    0.2    0.07507624176671891                     10
                 211600      4.596627041217403      3.226839948698382                      2                    0.2     0.1089279752208507                     10
                 211700      3.015721914177231      3.058521436293882                      2                    0.2    0.07886686250495061                     10
                 211800      3.640928737870725       2.71482581336412                      2                    0.2     0.1100198088443554                     10
                 211900      1.998380974134045      2.521385623349186                      2                    0.2    0.09118271063204841                     10
                 212000      3.445165474463017       2.72036161334419                      2                    0.2     0.1050026489629147                     10
                 212100      4.690403707968571      2.743777503446251                      2                    0.2     0.1292182478254986                     10
                 212200      2.698475586712572      2.750492141114341                      2                    0.2    0.08809996221455141                     10
                 212300      7.523471640193199      2.628667315368382                      2                    0.2     0.1624243001770568                     10
                 212400      2.328941336216828      2.695712757260756                      2                    0.2     0.0844837098416627                     10
                 212500      2.098369829116617      2.879817234533924                      2                    0.2    0.07157241100312225                     10
                 212600      3.360135939165067      2.840548599949622                      2                    0.2    0.09558520614690474                     10
                 212700      4.098558880797553       3.08802005539118                      2                    0.2    0.09975124977434728                     10
                 212800      1.286747151422902      3.180377478846854                      2                    0.2    0.05581162760391184                     10
                 212900      4.731401855438875      3.309949527855213                      2                    0.2     0.1110875369538283                     10
                 213000      5.745340013750691      3.196429522108151                      2                    0.2     0.1330027709064301                     10
                 213100      3.251351734511545      3.185911105226493                      2                    0.2     0.0779986517995583                     10
                 213200      1.640422743104026      3.172944705901257                      2                    0.2    0.05716242471783849                     10
                 213300      2.574209723020912      3.322174074835333                      2                    0.2    0.06517576940268571                     10
                 213400      3.320753207927636      3.529773139936024                      2                    0.2    0.08306574790187579                     10
                 213500      2.276219955311448      3.582104880050473                      2                    0.2    0.06386063199677337                     10
                 213600      2.341992523699187      3.306388493855778                      2                    0.2    0.06170063162795314                     10
                 213700      2.397932784483138      3.657111514692039                      2                    0.2     0.0678740772551826                     10
                 213800      2.042388529526473      3.481702141470397                      2                    0.2    0.05830663117777346                     10
                 213900      3.509267541531284      3.406633442481308                      2                    0.2    0.08261583595817817                     10
                 214000      2.315319100210572      3.334162332243436                      2                    0.2    0.06080073361489818                     10
                 214100      3.491564909191914      3.320927951556762                      2                    0.2    0.08055844264513129                     10
                 214200      2.264346344254198      3.335946697023047                      2                    0.2    0.05985928319896056                     10
                 214300       2.38838179638931      3.364921654162558                      2                    0.2    0.06124872367731004                     10
                 214400      2.865175645731508      3.298211838254185                      2                    0.2    0.06823543515904623                     10
                 214500      4.848652639335082      3.208406689158252                      2                    0.2     0.1111971118784649                     10
                 214600      2.982064426184643      3.304212731988441                      2                    0.2    0.06982312616831682                     10
                 214700        2.3546389047015       3.12682767958106                      2                    0.2    0.06354862457245572                     10
                 214800      1.331533547870608      2.974947393284841                      2                    0.2    0.05976721786037104                     10
                 214900      1.759217519170868      3.234565978067788                      2                    0.2    0.05546543732937956                     10
                 215000      3.364016549203366      3.191548091755898                      2                    0.2    0.07752714777849402                     10
                 215100      2.593966977931629      3.054865512220864                      2                    0.2    0.06876697973876747                     10
                 215200      2.136409802377878      3.161520785499581                      2                    0.2    0.05954858078327237                     10
                 215300      2.844182577657813      3.034086188943272                      2                    0.2    0.07332882079555872                     10
                 215400      3.737767119195752       3.15195971751201                      2                    0.2    0.08546407005487976                     10
